X,Y,Z,BHID,LENGTH,A0,B0,C0,FROM,TO,Zn,Ag,Pb,RADIUS
1697.682161,4963.496673,2176.7953989999996,DDH-001,1.08,295.2716691,-24.22983548,0,89.42,90.5,20.849644,7.812,6.532,1
1697.00184,4963.817848,2177.133977,DDH-001,0.57,295.2716691,-24.22983548,0,90.5,91.07,15.211116,1.944,0.604,1
1696.354504,4964.12345,2177.45614,DDH-001,1.0,295.2716691,-24.22983548,0,91.07,92.07,7.68,1.6480000000000001,0.368,1
1721.974638,4977.96565,2176.21504,DDH-002,1.16,314.028978,-27.55228615,0,77.86,79.02,19.700495999999998,1.716,2.748,1
1721.5571100000002,4978.36926,2176.5180149999997,DDH-002,0.15,314.028978,-27.55228615,0,79.02,79.17,2.16,0.068,0.024,1
1721.3116929999999,4978.606497,2176.6961,DDH-002,0.62,314.028978,-27.55228615,0,79.17,79.79,4.98,0.22,0.44799999999999995,1
1720.8463559999998,4979.056321999999,2177.0337670000004,DDH-002,0.84,314.028978,-27.55228615,0,79.79,80.63,0.84,0.084,0.10800000000000001,1
1720.342773,4979.54312,2177.399188,DDH-002,0.74,314.028978,-27.55228615,0,80.63,81.37,12.93013333,0.624,0.46399999999999997,1
1719.845564,4980.023754999999,2177.759983,DDH-002,0.82,314.028978,-27.55228615,0,81.37,82.19,3.06,1.712,0.22399999999999998,1
1719.494968,4980.362664,2178.01439,DDH-002,0.28,314.028978,-27.55228615,0,82.19,82.47,11.2412,1.624,0.9440000000000001,1
1726.2016449999999,4973.187715999999,2115.196641,DDH-003,0.84,313.56341630000003,20.2517328,0,66.55,67.39,0.48,0.10400000000000001,0.027999999999999997,1
1725.732571,4973.633839,2114.9578,DDH-003,0.54,313.56341630000003,20.2517328,0,67.39,67.93,0.42,0.052000000000000005,0.032,1
1755.299518,4982.116895,2114.893743,DDH-004,1.0,323.78529879999996,29.48387876,0,46.39,47.39,13.00333333,1.172,1.472,1
1754.785219,4982.819217,2114.4015640000002,DDH-004,1.0,323.78529879999996,29.48387876,0,47.39,48.39,14.07,0.312,0.41600000000000004,1
1754.191204,4983.630399000001,2113.833098,DDH-004,1.31,323.78529879999996,29.48387876,0,48.39,49.7,8.7,0.14400000000000002,0.20800000000000002,1
1753.5457579999998,4984.511814,2113.2154140000002,DDH-004,1.2,323.78529879999996,29.48387876,0,49.7,50.9,1.86,0.11199999999999999,0.11599999999999999,1
1753.108604,4985.1087880000005,2112.797062,DDH-004,0.5,323.78529879999996,29.48387876,0,50.9,51.4,0.66,0.092,0.07200000000000001,1
1752.869455,4985.435368,2112.568199,DDH-004,0.43,323.78529879999996,29.48387876,0,51.4,51.83,17.333164,0.884,0.672,1
1752.519732,4985.912947,2112.233518,DDH-004,0.93,323.78529879999996,29.48387876,0,51.83,52.76,7.8,0.264,0.28800000000000003,1
1752.154579,4986.411596,2111.884071,DDH-004,0.49,323.78529879999996,29.48387876,0,52.76,53.25,10.925184,0.7040000000000001,1.064,1
1751.7971420000001,4986.899710000001,2111.542007,DDH-004,0.9,323.78529879999996,29.48387876,0,53.25,54.15,1.62,0.256,0.396,1
1751.24427,4987.654706,2111.012914,DDH-004,1.25,323.78529879999996,29.48387876,0,54.15,55.4,14.0608,0.62,1.2,1
1789.7841899999999,5015.708912,2178.760182,DDH-005,1.01,11.4676269,-24.1841931,0,94.95,95.96,3.48,0.34,0.428,1
1789.942884,5016.491182,2179.118644,DDH-005,0.74,11.4676269,-24.1841931,0,95.96,96.7,20.277036,1.6640000000000001,2.6,1
1790.0925100000002,5017.22875,2179.456623,DDH-005,0.91,11.4676269,-24.1841931,0,96.7,97.61,13.44853333,0.484,0.764,1
1869.965292,5068.411129,2229.918964,DDH-006,1.0,342.9169131,-21.15717182,0,73.85,74.85,22.38059488,0.985692,0.41335600000000006,1
1869.670788,5069.3694350000005,2230.306962,DDH-006,1.15,342.9169131,-21.15717182,0,74.85,76.0,20.14668004,0.6785720000000001,0.31745999999999996,1
1869.376284,5070.327741,2230.694959,DDH-006,1.0,342.9169131,-21.15717182,0,76.0,77.0,24.82833923,0.637876,0.384312,1
1869.102327,5071.219189,2231.055886,DDH-006,1.0,342.9169131,-21.15717182,0,77.0,78.0,22.68367152,0.7429479999999999,0.43702799999999997,1
1868.82837,5072.110636,2231.416814,DDH-006,1.0,342.9169131,-21.15717182,0,78.0,79.0,14.6847815,2.939548,2.216516,1
1868.5544129999998,5073.002084000001,2231.777741,DDH-006,1.0,342.9169131,-21.15717182,0,79.0,80.0,18.84345294,3.1837966839335863,6.136008,1
1868.280456,5073.893532,2232.138669,DDH-006,1.0,342.9169131,-21.15717182,0,80.0,81.0,19.27816523,2.11976,1.5608799999999998,1
1868.054442,5074.628976,2232.436434,DDH-006,0.65,342.9169131,-21.15717182,0,81.0,81.65,10.14681094,3.3997599999999997,2.307692,1
1867.869521,5075.230703,2232.68006,DDH-006,0.7,342.9169131,-21.15717182,0,81.65,82.35,13.41528338,0.6523479999999999,0.986476,1
1900.157584,5089.686878,2235.024821,DDH-007,0.4,5.4923246,-19.98668831,0,94.05,94.45,11.04078,0.914128,0.585676,1
1900.207056,5090.2013799999995,2235.212812,DDH-007,0.7,5.4923246,-19.98668831,0,94.45,95.15,5.1948,8.126719999999999,0.275484,1
1900.265522,5090.809427,2235.4349829999996,DDH-007,0.6,5.4923246,-19.98668831,0,95.15,95.75,4.4065199999999995,0.9964280000000001,0.15879200000000002,1
1930.82201,5097.729639,2236.4010780000003,DDH-008,0.8,22.163552600000003,-17.88967662,0,108.85,109.65,8.8059,2.108628,0.339456,1
1931.1540949999999,5098.5448719999995,2236.685225,DDH-008,1.05,22.163552600000003,-17.88967662,0,109.65,110.7,13.84138805,5.481568,1.8470080000000002,1
1931.504132,5099.404172,2236.98473,DDH-008,0.9,22.163552600000003,-17.88967662,0,110.7,111.6,1.5863399999999999,0.352528,0.10184,1
1931.7195379999998,5099.932972,2237.169041,DDH-008,0.3,22.163552600000003,-17.88967662,0,111.6,111.9,10.946760000000001,1.00986,0.34714,1
1931.952896,5100.505838,2237.368712,DDH-008,1.0,22.163552600000003,-17.88967662,0,111.9,112.9,5.08374,2.519936,0.538276,1
1921.163018,5068.2332,2166.673058,DDH-009,0.3,23.841053100000003,25.69898192,0,80.7,81.0,3.5301,0.119664,0.043876,1
1921.463498,5068.9131609999995,2166.315302,DDH-009,1.35,23.841053100000003,25.69898192,0,81.0,82.35,18.96233528,1.7386080000000002,0.259792,1
1921.7639789999998,5069.593123,2165.957546,DDH-009,0.3,23.841053100000003,25.69898192,0,82.35,82.65,19.59292223,1.92124,0.1432,1
1865.9534879999999,5047.395577,2213.578668,DDH-010,0.64,330.68999289999994,-11.5005823,0,53.42,54.06,14.0625,0.380952,0.027776,1
1865.620092,5047.9894380000005,2213.717236,DDH-010,0.75,330.68999289999994,-11.5005823,0,54.06,54.81,27.04841982,1.233584,0.22682,1
1865.322675,5048.519214,2213.84085,DDH-010,0.49,330.68999289999994,-11.5005823,0,54.81,55.3,28.06106791,1.80528,1.0563639999999999,1
1864.984482,5049.12162,2213.9814109999998,DDH-010,0.92,330.68999289999994,-11.5005823,0,55.3,56.22,28.91630762,0.855892,0.203024,1
1864.612709,5049.783839,2214.135929,DDH-010,0.63,330.68999289999994,-11.5005823,0,56.22,56.85,24.26172117,0.39777199999999996,0.099444,1
1864.293705,5050.3520659999995,2214.268516,DDH-010,0.7,330.68999289999994,-11.5005823,0,56.85,57.55,27.05553726,0.485476,0.198964,1
1863.8859539999999,5051.078372,2214.4379870000002,DDH-010,1.0,330.68999289999994,-11.5005823,0,57.55,58.55,27.74284444,0.7621720000000001,0.422984,1
1863.406248,5051.9328479999995,2214.637365,DDH-010,1.0,330.68999289999994,-11.5005823,0,58.55,59.55,26.218827500000003,0.9613079999999999,0.606304,1
1863.051266,5052.5651609999995,2214.784904,DDH-010,0.48,330.68999289999994,-11.5005823,0,59.55,60.03,22.20265654,0.724524,0.481688,1
1862.821007,5052.97531,2214.8806059999997,DDH-010,0.48,330.68999289999994,-11.5005823,0,60.03,60.51,14.93808665,0.450592,0.41106800000000004,1
1862.5403789999998,5053.475179,2214.9972420000004,DDH-010,0.69,330.68999289999994,-11.5005823,0,60.51,61.2,0.71658,0.071656,0.019903999999999998,1
1862.135027,5054.197212,2215.165716,DDH-010,1.0,330.68999289999994,-11.5005823,0,61.2,62.2,23.93887126,0.9048,0.755312,1
1861.693697,5054.98333,2215.3491440000003,DDH-010,0.84,330.68999289999994,-11.5005823,0,62.2,63.04,26.99401794,0.47506000000000004,0.20586,1
1861.2379760000001,5055.795083,2215.5385530000003,DDH-010,1.06,330.68999289999994,-11.5005823,0,63.04,64.1,26.53609288,0.6170399999999999,0.330416,1
1860.7438789999999,5056.6751939999995,2215.743912,DDH-010,1.0,330.68999289999994,-11.5005823,0,64.1,65.1,19.36473828,2.430168,1.6799680000000001,1
1860.264173,5057.529671,2215.9432899999997,DDH-010,1.0,330.68999289999994,-11.5005823,0,65.1,66.1,29.46907784,0.9741559999999999,0.465208,1
1859.8804079999998,5058.2132520000005,2216.102792,DDH-010,0.6,330.68999289999994,-11.5005823,0,66.1,66.7,28.11457893,0.789788,0.195452,1
1859.616569,5058.683214,2216.21245,DDH-010,0.5,330.68999289999994,-11.5005823,0,66.7,67.2,20.69773423,2.973296,2.212036,1
1859.3047600000002,5059.2386240000005,2216.342046,DDH-010,0.8,330.68999289999994,-11.5005823,0,67.2,68.0,15.60624466,7.975388000000001,4.406512,1
1858.873025,5060.007653000001,2216.521486,DDH-010,1.0,330.68999289999994,-11.5005823,0,68.0,69.0,16.78956903,8.113356,4.712644,1
1858.5132449999999,5060.648511,2216.6710190000003,DDH-010,0.5,330.68999289999994,-11.5005823,0,69.0,69.5,15.05620408,9.224932,5.029964,1
1858.2014359999998,5061.20392,2216.8006149999997,DDH-010,0.8,330.68999289999994,-11.5005823,0,69.5,70.3,10.79784259,7.37718,3.7797160000000005,1
1887.8597809999999,5067.789531,2217.799207,DDH-011,0.95,356.7932542,-12.78266833,0,67.5,68.45,16.85851352,1.570928,1.56702,1
1887.806593,5068.7388789999995,2218.0149300000003,DDH-011,1.0,356.7932542,-12.78266833,0,68.45,69.45,16.33317576,2.9853680000000002,2.46738,1
1887.7534039999998,5069.688226,2218.2306519999997,DDH-011,0.95,356.7932542,-12.78266833,0,69.45,70.4,17.32969915,1.19492,0.809844,1
1887.7002149999998,5070.637573,2218.4463739999997,DDH-011,1.0,356.7932542,-12.78266833,0,70.4,71.4,14.75001525,3.2376400000000003,2.8628400000000003,1
1887.655209,5071.440866,2218.6289079999997,DDH-011,0.65,356.7932542,-12.78266833,0,71.4,72.05,22.33707601,1.468504,1.625984,1
1887.6279329999998,5071.927711,2218.739535,DDH-011,0.35,356.7932542,-12.78266833,0,72.05,72.4,0.83034,4.89126,0.086992,1
1914.5755359999998,5082.601525,2218.768159,DDH-012,0.4,15.7976315,-10.682306,0,85.6,86.0,0.6550199999999999,1.675268,0.035727999999999996,1
1914.675857,5082.956107,2218.83767,DDH-012,0.35,15.7976315,-10.682306,0,86.0,86.35,2.1411599999999997,2.866869121351201,0.055512,1
1914.8564350000001,5083.5943560000005,2218.96279,DDH-012,1.0,15.7976315,-10.682306,0,86.35,87.35,0.47868,0.22736399999999998,0.031912,1
1915.057077,5084.303522,2219.1018129999998,DDH-012,0.5,15.7976315,-10.682306,0,87.35,87.85,4.77324,8.770883999999999,0.119332,1
1915.2175899999997,5084.870854,2219.21303,DDH-012,0.7,15.7976315,-10.682306,0,87.85,88.55,5.69844,9.810052,0.166204,1
1874.211716,5038.93948,2178.7274829999997,DDH-013,1.0,335.18913139999995,29.35666933,0,46.15,47.15,11.79488233,4.015512,1.669848,1
1873.845977,5039.730616,2178.2372379999997,DDH-013,1.0,335.18913139999995,29.35666933,0,47.15,48.15,12.57358825,6.205999964986494,2.7581108526129405,1
1873.544243,5040.3833030000005,2177.832786,DDH-013,0.65,335.18913139999995,29.35666933,0,48.15,48.8,13.66354076,4.613527798059147,2.629464235512644,1
1873.242509,5041.035989999999,2177.428334,DDH-013,1.0,335.18913139999995,29.35666933,0,48.8,49.8,18.445195899999998,2.371036,1.111544,1
1872.8767710000002,5041.827126,2176.938089,DDH-013,1.0,335.18913139999995,29.35666933,0,49.8,50.8,24.15866009,2.043104,0.67594,1
1872.5110329999998,5042.618261,2176.447845,DDH-013,1.0,335.18913139999995,29.35666933,0,50.8,51.8,21.00730557,2.613484,1.0846719999999999,1
1872.145295,5043.409396999999,2175.9576,DDH-013,1.0,335.18913139999995,29.35666933,0,51.8,52.8,13.30037687,3.6681239999999997,1.968564,1
1871.889278,5043.963192,2175.6144280000003,DDH-013,0.4,335.18913139999995,29.35666933,0,52.8,53.2,13.86727133,0.6706439999999999,0.86436,1
1871.752127,5044.259868,2175.4305870000003,DDH-013,0.35,335.18913139999995,29.35666933,0,53.2,53.55,8.477219999999999,0.24752399999999997,0.43326800000000004,1
1871.541827,5044.714771,2175.148696,DDH-013,0.8,335.18913139999995,29.35666933,0,53.55,54.35,13.85426405,0.8817719999999999,1.4681680000000001,1
1909.118243,5068.26304,2184.207422,DDH-014,0.75,14.649904199999998,14.46667445,0,71.0,71.75,5.12922,0.115308,0.095428,1
1909.3019129999998,5068.96565,2184.0200600000003,DDH-014,0.75,14.649904199999998,14.46667445,0,71.75,72.5,13.75850504,1.106284,1.8846319999999999,1
1909.4917050000001,5069.69168,2183.826452,DDH-014,0.8,14.649904199999998,14.46667445,0,72.5,73.3,4.113659999999999,0.202704,0.313992,1
1909.6814969999998,5070.417711,2183.632844,DDH-014,0.75,14.649904199999998,14.46667445,0,73.3,74.05,14.05823488,0.483996,0.7338,1
1909.840678,5071.026639,2183.470463,DDH-014,0.55,14.649904199999998,14.46667445,0,74.05,74.6,0.05976,0.07174,0.007972,1
1932.536733,5078.427325,2185.731622,DDH-015,0.55,28.0305378,10.59391182,0,88.05,88.6,5.27346,0.42187600000000003,0.710936,1
1932.8023440000002,5078.926225,2185.62591,DDH-015,0.6,28.0305378,10.59391182,0,88.6,89.2,2.98596,0.21467600000000003,0.28883600000000004,1
1933.1026,5079.4901979999995,2185.50641,DDH-015,0.7,28.0305378,10.59391182,0,89.2,89.9,4.47138,0.24642399999999998,0.294116,1
1933.425952,5080.097554999999,2185.3777170000003,DDH-015,0.7,28.0305378,10.59391182,0,89.9,90.6,12.54839968,1.579156,2.455588,1
1905.074838,5053.0602229999995,2152.77551,DDH-016,0.85,14.598556099999998,42.73243048,0,72.03,72.88,2.02062,0.356576,0.095088,1
1905.243311,5053.707066,2152.1580059999997,DDH-016,0.97,14.598556099999998,42.73243048,0,72.88,73.85,8.37624,5.821784,0.48712799999999995,1
1905.360872,5054.158435,2151.7271100000003,DDH-016,0.3,14.598556099999998,42.73243048,0,73.85,74.15,3.6483,3.090112,0.147528,1
1905.416412,5054.371679999999,2151.523538,DDH-016,0.3,14.598556099999998,42.73243048,0,74.15,74.45,1.25346,0.8396319999999999,0.07560800000000001,1
1886.1070789999999,5040.719618,2158.682045,DDH-017,0.35,352.3039483,47.67770023,0,57.75,58.1,14.80601175,1.242508,1.753896,1
1886.073266,5040.969831,2158.404782,DDH-017,0.4,352.3039483,47.67770023,0,58.1,58.5,12.85432852,0.48188000000000003,0.51374,1
1886.025928,5041.32013,2158.016613,DDH-017,0.65,352.3039483,47.67770023,0,58.5,59.15,10.97769948,1.3509200000000001,2.390088,1
1885.9628120000002,5041.787195,2157.499054,DDH-017,0.75,352.3039483,47.67770023,0,59.15,59.9,2.517,0.163804,0.227728,1
1830.049902,5041.599098,2217.2865920000004,DDH-018,0.7,305.2986039,-11.95396392,0,69.2,69.9,13.60138041,5.710864,2.4560720000000003,1
1829.41114,5042.0513439999995,2217.452293,DDH-018,0.9,305.2986039,-11.95396392,0,69.9,70.8,16.55231772,3.3506199999999997,2.110092,1
1828.732455,5042.531854,2217.62835,DDH-018,0.8,305.2986039,-11.95396392,0,70.8,71.6,10.66043598,8.46246,3.9217239999999998,1
1828.133615,5042.955835,2217.783694,DDH-018,0.7,305.2986039,-11.95396392,0,71.6,72.3,14.13176638,9.473684,2.970496,1
1827.45493,5043.436346,2217.9597510000003,DDH-018,1.0,305.2986039,-11.95396392,0,72.3,73.3,11.37568133,5.322968,1.7504,1
1826.8361289999998,5043.874458,2218.120273,DDH-018,0.55,305.2986039,-11.95396392,0,73.3,73.85,14.07811666,1.143084,1.446844,1
1819.5372550000002,4997.494659,2038.484157,DDH-019,0.35,3.54008383,10.93143256,0,183.45,183.8,13.80424993,3.1383400000000004,2.632412,1
1819.5733940000002,4998.077739,2038.3713510000002,DDH-019,0.84,3.55316774,10.92666401,0,183.8,184.64,18.96443164,2.4210119999999997,1.457344,1
1819.613943,4998.729418999999,2038.24533,DDH-019,0.49,3.5677904000000003,10.92133381,0,184.64,185.13,24.29566798,2.290924,1.193024,1
1819.6463800000001,4999.248804999999,2038.144937,DDH-019,0.57,3.57944415,10.91708519,0,185.13,185.7,0.35322,0.058868,0.011772,1
1819.680153,4999.787792,2038.040795,DDH-019,0.53,3.59153729,10.91267579,0,185.7,186.23,24.91653308,1.0019639999999999,0.408644,1
1819.7143489999999,5000.331681000001,2037.9357489999998,DDH-019,0.58,3.60373999,10.90822583,0,186.23,186.81,22.07067456,1.628924,0.953516,1
1731.529122,4960.907113,2050.734463,DDH-020,0.93,330.03747989999994,7.97538079,0,167.36,168.29,17.84582593,1.668664,1.285428,1
1731.163184,4961.542021,2050.631664,DDH-020,0.55,330.04735067,7.99511351,0,168.29,168.84,13.92568501,3.154952,4.572684,1
1730.7949019999999,4962.181252,2050.5279170000003,DDH-020,0.94,330.05728908,8.01497929,0,168.84,169.78,12.06613333,4.096,2.504,1
1730.463805,4962.7561590000005,2050.4343949999998,DDH-020,0.4,330.06622779,8.03284492,0,169.78,170.18,13.37723147,0.898964,0.775656,1
1730.1352809999998,4963.326803,2050.341366,DDH-020,0.93,330.07510056,8.05057701,0,170.18,171.11,17.36784435,3.02946,3.451432,1
1729.6982309999999,4964.086273,2050.217245,DDH-020,0.84,330.08690985,8.074175,0,171.11,171.95,20.90544798,1.037924,0.538924,1
1729.26383,4964.841499,2050.093467,DDH-020,0.92,330.09865376,8.09763926,0,171.95,172.87,22.27105861,1.513944,1.366532,1
1728.8370079999997,4965.583898,2049.9714510000003,DDH-020,0.81,330.11019879,8.12070316,0,172.87,173.68,18.72006363,1.8533279999999999,1.530492,1
1728.4300850000002,4966.292009000001,2049.8547559999997,DDH-020,0.84,330.12121113,8.14270012,0,173.68,174.52,16.33959153,1.395536,0.9489639999999999,1
1728.149029,4966.781273,2049.7739460000003,DDH-020,0.3,330.12882034,8.15789781,0,174.52,174.82,16.52767254,0.48809600000000003,0.190476,1
1727.924732,4967.17184,2049.709333,DDH-020,0.61,330.13489476,8.17002915,0,174.82,175.43,25.277777899999997,2.178772,2.290504,1
1727.624101,4967.695478000001,2049.622559,DDH-020,0.61,330.14303904,8.18629297,0,175.43,176.04,18.32238456,1.07514,1.043164,1
1727.326019,4968.214845,2049.536327,DDH-020,0.6,330.15111719,8.20242326,0,176.04,176.64,17.7835361,1.8112759999999999,1.575368,1
1808.5168579999997,5003.066103,2110.270153,DDH-021,0.3,320.08038944,-16.05261705,0,115.65,115.95,1.3734,0.382164,0.09554,1
1830.657175,4998.919539,2110.1767210000003,DDH-022,0.8,328.6154973,-19.52965,0,99.7,100.5,10.18252085,3.3758480000000004,1.9609400000000001,1
1830.227709,4999.623545,2110.469228,DDH-022,0.95,328.61547367,-19.529475,0,100.5,101.45,15.123641099999999,3.10304,1.4093959999999999,1
1829.724619,5000.448238,2110.811875,DDH-022,1.1,328.615446,-19.52927,0,101.45,102.55,20.51035769,4.972268,3.7678279999999997,1
1829.2337989999999,5001.2528170000005,2111.146162,DDH-022,0.9,328.615419,-19.52907,0,102.55,103.45,14.87535121,5.64992,3.74402,1
1828.8656839999999,5001.856253,2111.396874,DDH-022,0.6,328.61539875,-19.52892,0,103.45,104.05,20.97802372,4.444444,3.2316119999999997,1
1828.54665,5002.37923,2111.614157,DDH-022,0.7,328.6153812,-19.52879,0,104.05,104.75,25.64921524,2.602684,1.8641400000000001,1
1846.290193,5004.73239,2110.4090739999997,DDH-023,1.0,340.3754613,-21.52858688,0,98.6,99.6,10.6276516,1.293928,0.810704,1
1845.97797,5005.608625,2110.776133,DDH-023,1.0,340.3981256,-21.53893121,0,99.6,100.6,11.80155345,6.969212,4.84606,1
1845.6659260000001,5006.48489,2111.143268,DDH-023,1.0,340.39948157,-21.53924325,0,100.6,101.6,20.96704632,5.225008,2.608524,1
1845.3539030000002,5007.36116,2111.510409,DDH-023,1.0,340.40083755,-21.53955529,0,101.6,102.6,16.02035627,1.809484,1.187724,1
1845.0809,5008.127901,2111.831662,DDH-023,0.75,340.40202404,-21.53982831,0,102.6,103.35,17.47101945,0.8876440000000001,0.467812,1
1844.878109,5008.697482,2112.070309,DDH-023,0.55,340.40290543,-21.54003113,0,103.35,103.9,10.52032392,4.113192,2.873656,1
1844.636331,5009.376602,2112.3548530000003,DDH-023,1.0,340.40395633,-21.54027294,0,103.9,104.9,17.3619,4.352,3.056,1
1844.378969,5010.099539,2112.657757,DDH-023,0.65,340.40507503,-21.54053034,0,104.9,105.55,14.00436037,3.7185120000000005,2.307076,1
1799.320375,5001.868111,2119.917843,DDH-024,0.5,345.01663421,8.54598909,0,135.0,135.5,7.66776,0.483228,0.65096,1
1799.128632,5002.58457,2119.806389,DDH-024,1.0,345.01792196,8.54625609,0,135.5,136.5,0.29952,0.079872,0.007988,1
1876.754295,5017.042397,2106.13846,DDH-025,0.95,17.45795638,13.01602099,0,151.25,152.2,0.41766000000000003,0.027844,0.019888,1
1877.0101510000002,5017.855584,2105.941252,DDH-025,0.8,17.47262738,13.03447393,0,152.2,153.0,0.23838,0.027812,0.023836000000000003,1
1877.258877,5018.645415,2105.749416,DDH-025,0.9,17.48688131,13.05239887,0,153.0,153.9,0.23922,0.019936000000000002,0.01196,1
1877.441877,5019.226097,2105.608195,DDH-025,0.35,17.49736347,13.06557848,0,153.9,154.25,1.3142399999999999,0.03186,0.03186,1
1900.1864480000002,5031.29883,2107.7392219999997,DDH-026,1.15,22.70084342,9.78955468,0,171.35,172.5,1.07742,0.103752,0.039904,1
1900.519218,5032.094289,2107.590446,DDH-026,0.6,22.7018768,9.78957044,0,172.5,173.1,20.63361294,3.118068,6.5847880000000005,1
1900.7664280000001,5032.685197999999,2107.479926,DDH-026,0.7,22.70264445,9.78958215,0,173.1,173.8,4.54548,0.167464,0.21132399999999998,1
1827.824505,5007.613231,2125.970624,DDH-027,0.35,356.75124509,5.11193981,0,134.15,134.5,10.869539999999999,0.368196,0.59146,1
1827.792088,5008.185024,2125.919373,DDH-027,0.8,356.75899834,5.11550372,0,134.5,135.3,14.07392533,0.80016,1.226116,1
1827.7443079999998,5009.030285,2125.8435449999997,DDH-027,0.9,356.77045981,5.12077195,0,135.3,136.2,12.61266126,1.284184,0.5667840000000001,1
1632.796767,4914.081784,2163.718716,DDH-028,0.7,287.4221427,-7.91796952,0,151.75,152.45,15.48958924,2.122172,1.527172,1
1632.277002,4914.244892000001,2163.7944820000002,DDH-028,0.4,287.42274055,-7.91796678,0,152.45,152.85,15.77107701,2.5236240000000003,1.8543319999999999,1
1599.0969400000001,4924.033316,2225.487418,DDH-029,0.65,285.64251,-24.01107,0,203.85,204.5,16.56827195,5.139776,2.707668,1
1598.5251779999999,4924.193412,2225.751912,DDH-029,0.65,285.64251,-24.01107,0,204.5,205.15,4.25322,0.742812,0.219648,1
1713.4435899999999,4962.111701,2103.883711,DDH-030,1.05,321.64086000000003,17.54391,0,117.15,118.2,0.1197,0.004,0.003992,1
1946.1882879999998,5035.114740999999,1995.487447,DDH-031,1.0,185.38155895,10.00908627,0,40.4,41.4,15.34053221,6.303392,5.36926,1
1946.0957870000002,5034.134335,1995.3135579999998,DDH-031,1.0,185.39822199,10.01908937,0,41.4,42.4,15.1873267,3.015116,2.637232,1
1946.003004,5033.153987,1995.139496,DDH-031,1.0,185.41488607,10.02909164,0,42.4,43.4,12.15787386,1.2624440000000001,1.111112,1
1945.9099379999998,5032.173696,1994.9652629999998,DDH-031,1.0,185.43155118,10.03909309,0,43.4,44.4,15.20734635,1.143428,1.406376,1
1945.816591,5031.1934630000005,1994.7908579999998,DDH-031,1.0,185.44821733,10.049093699999998,0,44.4,45.4,21.68817288,0.41966400000000004,0.139888,1
1945.722961,5030.213288,1994.616282,DDH-031,1.0,185.46488451,10.05909349,0,45.4,46.4,17.755782800000002,2.81724,3.1005599999999998,1
1945.638452,5029.331179,1994.459016,DDH-031,0.8,185.47988586,10.06809258,0,46.4,47.2,14.11873989,3.111024,3.055112,1
1945.5631420000002,5028.547122,1994.319107,DDH-031,0.8,185.49322108,10.0760912,0,47.2,48.0,14.939307500000002,4.22832,3.754972,1
1945.4900129999999,5027.787601,1994.1834649999998,DDH-031,0.75,185.50614019999998,10.08383935,0,48.0,48.75,1.0188,0.023972,0.047944,1
1945.4072440000002,5026.930119,1994.0301969999998,DDH-031,1.0,185.52072705,10.09258666,0,48.75,49.75,11.55506487,2.735248,2.416268,1
1945.3123859999998,5025.950193,1993.854873,DDH-031,1.0,185.53739868,10.10258278,0,49.75,50.75,16.690210099999998,0.7502,0.694332,1
1945.2172460000002,5024.970325,1993.6793760000003,DDH-031,1.0,185.55407134,10.11257806,0,50.75,51.75,25.32798265,0.782436,0.534932,1
1945.14093,5024.186471,1993.538855,DDH-031,0.6,185.56741019,10.12057366,0,51.75,52.35,13.31969186,0.327736,0.183852,1
1945.078791,5023.549617000001,1993.4246010000002,DDH-031,0.7,185.57824848,10.12706969,0,52.35,53.05,23.35255882,0.971224,0.559552,1
1964.1758109999998,5048.142229,1996.8631100000002,DDH-032,0.9,149.05422218,10.48165854,0,31.35,32.25,14.083219,1.42238,0.638296,1
1964.6308329999997,5047.383211,1996.6992989999999,DDH-032,0.9,149.06142621,10.49245737,0,32.25,33.15,7.651860000000001,0.938472,0.369936,1
1964.997298,5046.771757,1996.567219,DDH-032,0.55,149.06722982,10.501156300000002,0,33.15,33.7,11.6423374,2.86222,2.198972,1
1965.3510579999997,5046.181368,1996.439591,DDH-032,0.85,149.07283361,10.50955517,0,33.7,34.55,1.79142,0.238852,0.051752,1
1965.8184239999998,5045.401182,1996.270784,DDH-032,1.0,149.08023907,10.5206535,0,34.55,35.55,0.29975999999999997,0.095924,0.011992000000000001,1
1966.323552,5044.557701,1996.0880920000002,DDH-032,1.0,149.08824557,10.53265149,0,35.55,36.55,0.11922,0.10731199999999999,0.007948,1
1966.7275559999998,5043.882889,1995.9417899999999,DDH-032,0.6,149.09465121,10.54224973,0,36.55,37.15,2.7402599999999997,0.389196,0.135028,1
1966.9547690000002,5043.503296,1995.859437,DDH-032,0.3,149.09825456,10.54764868,0,37.15,37.45,6.09318,1.334128,0.5495800000000001,1
1967.1188510000002,5043.229141,1995.799934,DDH-032,0.35,149.10085705,10.55154789,0,37.45,37.8,11.02807134,5.809636,2.472352,1
1956.6113510000002,5038.218897,1995.937356,DDH-033,0.73,168.77876836,10.20336636,0,37.5,38.23,10.72892216,4.216628,2.3021599999999998,1
1956.7766960000001,5037.383746,1995.7840170000002,DDH-033,1.0,168.82405217,10.21701139,0,38.23,39.23,18.74075377,2.0934880000000002,2.025568,1
1956.9670190000002,5036.418117,1995.606489,DDH-033,1.0,168.8764068,10.23277776,0,39.23,40.23,18.75217697,1.671332,0.879648,1
1957.156455,5035.452339,1995.428687,DDH-033,1.0,168.92876498,10.24853528,0,40.23,41.23,14.80381093,1.1738959999999998,0.45761999999999997,1
1957.345004,5034.486411999999,1995.25061,DDH-033,1.0,168.98112663,10.26428389,0,41.23,42.23,18.30233123,1.0486440000000001,0.13158,1
1957.532666,5033.520336,1995.072258,DDH-033,1.0,169.03349166,10.28002357,0,42.23,43.23,11.37558042,1.9769279999999998,0.8552120000000001,1
1957.719441,5032.554111,1994.89363,DDH-033,1.0,169.08586,10.29575426,0,43.23,44.23,17.72863559,2.607312,0.8624799999999999,1
1957.90543,5031.587854,1994.7148829999999,DDH-033,1.0,169.1182821,10.29007596,0,44.23,45.23,13.25359987,1.1797520000000001,0.76126,1
1958.0881969999998,5030.636017,1994.539036,DDH-033,0.97,169.14294881,10.27668356,0,45.23,46.2,13.09996561,0.506784,0.2075,1
1958.270561,5029.684068,1994.363416,DDH-033,1.0,169.16761367,10.26328917,0,46.2,47.2,12.11619956,1.5381559999999999,1.210548,1
1958.4506760000002,5028.7416729999995,1994.1898039999999,DDH-033,0.95,169.19202628,10.25002881,0,47.2,48.15,11.70001496,1.215252,0.830024,1
1958.630396,5027.799168,1994.0164149999998,DDH-033,1.0,169.21643707,10.23676651,0,48.15,49.15,16.27749057,1.724276,1.06476,1
1958.768373,5027.074089,1993.8831899999998,DDH-033,0.5,169.23521334,10.22656343,0,49.15,49.65,13.26408467,2.772908,0.537848,1
1958.850129,5026.643844,1993.8042059999998,DDH-033,0.39,169.24635342,10.22050907,0,49.65,50.04,18.47517835,1.092068,0.829016,1
1960.3950399999999,5045.120127,1993.257682,DDH-034,1.0,157.51706623,16.25856823,0,31.7,32.7,1.13952,0.09996000000000001,0.027988,1
1960.762125,5044.233079,1992.9776949999998,DDH-034,1.0,157.52070295,16.26038609,0,32.7,33.7,12.26812583,0.339864,0.027988,1
1961.12915,5043.3460159999995,1992.6976760000002,DDH-034,1.0,157.52433973,16.26220389,0,33.7,34.7,14.08331709,1.12974,0.642716,1
1961.496115,5042.458938000001,1992.4176280000001,DDH-034,1.0,157.52797658,16.26402163,0,34.7,35.7,11.66268,0.833332,0.7336520000000001,1
1961.8630210000001,5041.571845,1992.1375489999998,DDH-034,1.0,157.5316135,16.2658393,0,35.7,36.7,2.56872,0.22301999999999997,0.13142,1
1962.2298670000002,5040.684736,1991.857439,DDH-034,1.0,157.53525049,16.26765692,0,36.7,37.7,14.08278225,1.4074959999999999,1.0486440000000001,1
1962.541639,5039.930682,1991.6193219999998,DDH-034,0.7,157.53834198,16.26920184,0,37.7,38.4,14.05581191,1.9195520000000001,1.226604,1
1962.7983600000002,5039.309688,1991.4232100000002,DDH-034,0.7,157.54088794,16.2704741,0,38.4,39.1,13.98296879,2.7995200000000002,1.689296,1
1963.064219,5038.666508,1991.220077,DDH-034,0.75,157.54352488,16.27179176,0,39.1,39.85,11.4924,1.612132,0.614524,1
1963.385042,5037.890246,1990.9748949999998,DDH-034,1.0,157.54670743,16.27338199,0,39.85,40.85,0.7159800000000001,0.222752,0.055688,1
1906.005088,5015.716205,1990.940015,DDH-035,1.0,212.39867027,9.51371338,0,68.15,69.15,0.5361600000000001,0.14694400000000002,0.095312,1
1926.620115,5023.062029,1979.32375,DDH-036,0.47,197.69571491,23.2320335,0,56.58,57.05,11.0202451,0.48848400000000003,0.071484,1
1926.452482,5022.536765,1979.087104,DDH-036,0.73,197.70413719,23.2260468,0,57.05,57.78,10.73456285,1.062476,0.835656,1
1905.309923,5031.478254,1981.899954,DDH-037,1.0,221.8,20.19466656,0,58.7,59.7,0.53976,0.12395199999999999,0.043983999999999995,1
1904.6843800000001,5030.778622,1981.554689,DDH-037,1.0,221.8,20.20133323,0,59.7,60.7,11.95364392,4.287992,2.42122,1
1904.058863,5030.07902,1981.2093149999998,DDH-037,1.0,221.8,20.20799991,0,60.7,61.7,13.221585099999999,6.081568,6.137544,1
1903.433373,5029.379448,1980.863831,DDH-037,1.0,221.8,20.21466659,0,61.7,62.7,12.818874000000001,4.088728,4.55236,1
1902.8079109999999,5028.679906,1980.518239,DDH-037,1.0,221.8,20.22133327,0,62.7,63.7,15.16688984,3.2683880000000003,3.1451279999999997,1
1902.182475,5027.980394,1980.1725370000001,DDH-037,1.0,221.8,20.22799995,0,63.7,64.7,18.2117093,4.1926440000000005,2.89768,1
1901.5570649999997,5027.280912,1979.8267260000002,DDH-037,1.0,221.8,20.23466663,0,64.7,65.7,12.48353896,2.238208,2.022384,1
1900.9316829999998,5026.58146,1979.4808059999998,DDH-037,1.0,221.8,20.24133331,0,65.7,66.7,13.28579959,1.676648,2.17964,1
1900.3063280000001,5025.882038000001,1979.134777,DDH-037,1.0,221.8,20.248,0,66.7,67.7,21.83259757,0.526524,0.351016,1
1899.680999,5025.182646,1978.788639,DDH-037,1.0,221.8,20.25466668,0,67.7,68.7,20.97852309,0.42315200000000003,0.21955999999999998,1
1899.0556980000001,5024.483284,1978.442391,DDH-037,1.0,221.8,20.26133336,0,68.7,69.7,13.32321025,1.2579879999999999,1.214056,1
1898.4616859999999,5023.818918,1978.1133550000002,DDH-037,0.9,221.8,20.26766671,0,69.7,70.6,11.08097948,2.291416,1.9121759999999999,1
1898.0240079999999,5023.329402,1977.870844,DDH-037,0.5,221.8,20.27233338,0,70.6,71.1,0.36,0.08,0.02,1
1897.695759,5022.962275,1977.6889260000003,DDH-037,0.55,221.8,20.27583339,0,71.1,71.65,0.47981999999999997,0.119952,0.04798,1
1897.304996,5022.525229999999,1977.4723179999999,DDH-037,0.7,221.8,20.28000007,0,71.65,72.35,11.02058226,1.275836,0.997616,1
1967.295339,5048.31306,2008.845446,DDH-038,0.53,144.51849792,-10.75501269,0,31.6,32.13,6.16026,0.773524,0.5422640000000001,1
1967.549081,5047.957055,2008.928501,DDH-038,0.36,144.5229496,-10.75857172,0,32.13,32.49,16.95554642,2.911192,1.6686560000000001,1
1967.885455,5047.4850240000005,2009.0386600000002,DDH-038,0.82,144.52885199,-10.76329034,0,32.49,33.31,13.66886553,2.189868,1.0969280000000001,1
1968.435511,5046.712914,2009.218939,DDH-038,1.11,144.5385063,-10.77100784,0,33.31,34.42,0.29975999999999997,0.07993600000000001,0.8073560000000001,1
1968.9426899999999,5046.0007479999995,2009.3853190000002,DDH-038,0.67,144.54741069999997,-10.77812525,0,34.42,35.09,12.71877935,1.2495040000000002,0.12733599999999998,1
1969.258902,5045.556613000001,2009.4891280000002,DDH-038,0.44,144.55296366,-10.78256351,0,35.09,35.53,13.68670391,0.506988,0.131736,1
1969.5437370000002,5045.15647,2009.582686,DDH-038,0.56,144.55796646,-10.78656186,0,35.53,36.09,20.74654146,1.152772,0.079776,1
1969.8000550000002,5044.796325,2009.666918,DDH-038,0.34,144.56246909,-10.79016029,0,36.09,36.43,10.5558,0.2479,0.015992,1
1970.1019010000002,5044.372133,2009.7661600000001,DDH-038,0.72,144.56777232,-10.79439837,0,36.43,37.15,11.16662712,0.5797680000000001,0.131948,1
1970.4236329999999,5043.919905,2009.871997,DDH-038,0.41,144.57342593,-10.79891622,0,37.15,37.56,11.63532,0.707716,0.415832,1
1875.4289210000002,5022.79702,1990.9278100000001,DDH-039,0.56,232.80459547,8.17290423,0,83.83,84.39,3.39828,2.273448,0.198728,1
1875.0780399999999,5022.530744,1990.8645350000002,DDH-039,0.33,232.80726647,8.17646388,0,84.39,84.72,13.32732133,3.4015174313082803,0.727128,1
1874.5536719999998,5022.132861,1990.769927,DDH-039,1.0,232.81125804,8.18178332,0,84.72,85.72,6.46248,1.948616,0.770752,1
1873.765111,5021.53462,1990.6275440000002,DDH-039,1.0,232.81726060000003,8.18978241,0,85.72,86.72,17.03757469,6.1629760000000005,6.064083999999999,1
1872.976501,5020.936472,1990.4850219999998,DDH-039,1.0,232.8232634,8.1977814,0,86.72,87.72,18.36233038,5.664808,2.4935319107186067,1
1872.187845,5020.338419,1990.342363,DDH-039,1.0,232.82926643,8.2057803,0,87.72,88.72,22.79725288,1.8892,1.8573119999999999,1
1871.3991420000002,5019.740461,1990.199565,DDH-039,1.0,232.83526971,8.2137791,0,88.72,89.72,18.42179331,4.1098040000000005,4.184312,1
1870.610391,5019.142596,1990.056629,DDH-039,1.0,232.84127322,8.22177781,0,89.72,90.72,18.90758638,3.136464257278331,6.532544000000001,1
1869.821593,5018.544825999999,1989.913555,DDH-039,1.0,232.84727696,8.22977642,0,90.72,91.72,20.82087521,6.2843480000000005,3.9466360000000003,1
1869.032748,5017.94715,1989.7703420000003,DDH-039,1.0,232.85328095,8.23777494,0,91.72,92.72,20.163024,4.508,4.948,1
1868.2438550000002,5017.349568,1989.626991,DDH-039,1.0,232.85928517,8.24577335,0,92.72,93.72,21.83771464,4.240632,3.96844,1
1867.4549149999998,5016.7520810000005,1989.483502,DDH-039,1.0,232.86528962,8.25377167,0,93.72,94.72,19.31889609,7.274516,6.4119720000000004,1
1866.6659280000001,5016.1546880000005,1989.339875,DDH-039,1.0,232.87129431,8.26176989,0,94.72,95.72,18.01952222,1.3989639999999999,1.454764,1
1865.884784,5015.563362,1989.197547,DDH-039,0.98,232.87723919,8.26968803,0,95.72,96.7,25.125363500000002,1.057464,0.8858719999999999,1
1865.3797769999999,5015.181139,1989.105466,DDH-039,0.3,232.88108247,8.27480678,0,96.7,97.0,22.45336228,2.015904,2.401592,1
1864.965499,5014.867626,1989.0298879999998,DDH-039,0.75,232.88423523,8.27900572,0,97.0,97.75,13.8050264,1.9186720000000002,2.739836,1
1864.440729,5014.470547,1988.934101,DDH-039,0.58,232.88822882,8.28432433,0,97.75,98.33,0.29808,0.039744,0.031796,1
1863.81729,5013.998883,1988.820229,DDH-039,1.0,232.89297321,8.29064263,0,98.33,99.33,14.844060999999998,2.2208919999999996,2.795056,1
1863.028084,5013.401925,1988.675964,DDH-039,1.0,232.89897899,8.29864039,0,99.33,100.33,15.61166278,4.087096,5.093888,1
1862.3690559999998,5012.903542,1988.5554129999998,DDH-039,0.67,232.90531725,8.30266261,0,100.33,101.0,14.77329781,3.4044239999999997,4.332544,1
1861.907312,5012.554424,1988.470925,DDH-039,0.5,232.90999490000002,8.30500485,0,101.0,101.5,11.26233319,4.048568,5.5414,1
1861.512638,5012.256065,1988.3986940000002,DDH-039,0.5,232.91399294,8.30700673,0,101.5,102.0,10.37142,0.6005520000000001,0.505728,1
1877.2660329999999,5003.767661999999,2032.416226,DDH-040,0.75,359.75996285,-17.84012253,0,100.15,100.9,10.85695071,4.91214,4.045528,1
1877.2631920000001,5004.457813,2032.638289,DDH-040,0.7,359.76831743,-17.83175229,0,100.9,101.6,1.9752599999999998,0.17557999999999999,0.09976,1
1877.260637,5005.100397,2032.8449460000002,DDH-040,0.65,359.77609512,-17.82395901,0,101.6,102.25,13.39802263,2.54996,1.8305360000000002,1
1877.2579899999998,5005.790612,2033.066814,DDH-040,0.8,359.78444817,-17.81558811,0,102.25,103.05,3.8922,0.642716,0.20758400000000002,1
1838.752494,5010.913614,1985.21198,DDH-041,0.3,339.3526224,7.54755851,0,111.0,111.3,10.31773972,2.8434880000000002,3.9745120000000003,1
1838.5602760000002,5011.423846,1985.139782,DDH-041,0.8,339.36178449,7.53838952,0,111.3,112.1,1.29768,0.322452,0.334252,1
1838.2459030000002,5012.258862,1985.0218280000001,DDH-041,1.0,339.37677614,7.52338533,0,112.1,113.1,17.83926014,0.9510639999999999,1.029992,1
1837.9840829999998,5012.954793999999,1984.923711,DDH-041,0.5,339.38926836,7.51088147,0,113.1,113.6,12.313470599999999,3.942992,4.231987999999999,1
1871.105693,5026.560824,1926.748712,DDH-042,0.46,359.19632352,32.15693982,0,139.4,139.86,10.78573791,9.0554,2.275238676404279,1
1871.0994699999999,5027.0094659999995,1926.4665929999999,DDH-042,0.6,359.21619165,32.16218807,0,139.86,140.46,13.91633972,1.930732,1.723728,1
1871.0925399999999,5027.525823,1926.141871,DDH-042,0.62,359.24605001,32.16240505,0,140.46,141.08,14.02139723,1.258464,0.919952,1
1871.084654,5028.139526,1925.75593,DDH-042,0.83,359.28153782,32.16265381,0,141.08,141.91,17.80619345,1.02318,1.135092,1
1776.144586,4983.58105,2028.3947899999998,DDH-043,1.0,307.84932354,-11.98412423,0,129.15,130.15,14.079947800000001,1.604696,0.65362,1
1775.372182,4984.181327,2028.602294,DDH-043,1.0,307.85610407,-11.96813311,0,130.15,131.15,23.306616899999998,2.24266,1.432484,1
1774.850823,4984.586585,2028.742204,DDH-043,0.35,307.86068047,-11.95733902,0,131.15,131.5,24.20959274,1.126036,0.8613200000000001,1
1787.878614,4979.054899000001,1983.1577949999999,DDH-044,1.0,307.8856486,10.00672592,0,115.7,116.7,19.47129379,1.088516,1.044656,1
1787.1013920000003,4979.659605,1982.9838399999999,DDH-044,1.0,307.88271795,10.02901921,0,116.7,117.7,20.39495875,0.833664,0.391148,1
1786.460201,4980.158427,1982.8400379999998,DDH-044,0.65,307.88029986,10.04741112,0,117.7,118.35,16.60723039,1.433132,1.6886240000000001,1
1785.819023,4980.657193999999,1982.695975,DDH-044,1.0,307.8778815,10.06580297,0,118.35,119.35,10.47276793,3.575684,3.3849839999999998,1
1785.0418579999998,4981.261687,1982.521003,DDH-044,1.0,307.87494979,10.08809605,0,119.35,120.35,10.8909,0.647568,0.208008,1
1784.478409,4981.69987,1982.3939149999999,DDH-044,0.45,307.8667765,10.103103599999999,0,120.35,120.8,14.14645702,1.1491040000000001,0.683896,1
1784.0509350000002,4982.032208,1982.2973809999999,DDH-044,0.65,307.85937871,10.11425993,0,120.8,121.45,3.09522,0.22222399999999998,0.103176,1
1783.487403,4982.470187,1982.169971,DDH-044,0.8,307.84962628,10.12896577,0,121.45,122.25,1.12296,0.10638399999999999,0.035460000000000005,1
1782.8655190000002,4982.953339,1982.0291670000001,DDH-044,0.8,307.83886391,10.1451926,0,122.25,123.05,0.05964,0.035772000000000005,0.007948,1
1782.1658289999998,4983.496716,1981.870497,DDH-044,1.0,307.82675493,10.16344739,0,123.05,124.05,12.66280593,1.346536,0.906932,1
1781.388309,4984.1002579999995,1981.693866,DDH-044,1.0,307.81329887,10.18373,0,124.05,125.05,18.67288487,1.622052,0.914904,1
1780.746786,4984.598013000001,1981.547884,DDH-044,0.65,307.80219632,10.20046275,0,125.05,125.7,0.4188,0.047864,0.007976,1
1780.105201,4985.095618,1981.401664,DDH-044,1.0,307.79109260000007,10.21719513,0,125.7,126.7,27.02119352,0.48283999999999994,0.163608,1
1779.4246629999998,4985.623215,1981.246323,DDH-044,0.75,307.77931464,10.2349412,0,126.7,127.45,26.23884824,0.740444,0.24681599999999998,1
1778.7440550000001,4986.150643,1981.090716,DDH-044,1.0,307.76753536,10.25268685,0,127.45,128.45,20.07776591,2.408292,0.8692200000000001,1
1799.712391,4997.09426,1911.91956,DDH-045,0.65,315.65037461,40.03861337,0,147.95,148.6,15.12947443,2.209812,3.48624,1
1799.3779370000002,4997.436379,1911.517422,DDH-045,0.6,315.64778736,40.05677891,0,148.6,149.2,26.71430644,1.761884,2.377148,1
1739.8742949999998,4959.879529,1913.158868,DDH-046,0.8,288.82934,32.75264,0,171.1,171.9,7.17702,0.155504,0.127592,1
1739.3170899999998,4960.0695350000005,1912.780159,DDH-046,0.6,288.82934,32.75264,0,171.9,172.5,14.08013722,0.494616,0.20742,1
1738.7001850000001,4960.2799,1912.3608739999997,DDH-046,0.95,288.82934,32.75264,0,172.5,173.45,19.8183532,0.521288,0.12733599999999998,1
1737.924079,4960.544551,1911.833386,DDH-046,1.0,288.82934,32.75264,0,173.45,174.45,22.17476384,0.370372,0.047788,1
1737.128073,4960.815989,1911.292373,DDH-046,1.0,288.82934,32.75264,0,174.45,175.45,21.72737222,0.792512,0.262844,1
1736.332066,4961.087427,1910.751359,DDH-046,1.0,288.82934,32.75264,0,175.45,176.45,18.66718155,5.239616000000001,5.107828,1
1735.5360600000001,4961.358864,1910.210346,DDH-046,1.0,288.82934,32.75264,0,176.45,177.45,17.47314992,2.337716,1.6646759999999998,1
1734.958955,4961.555657,1909.818111,DDH-046,0.45,288.82934,32.75264,0,177.45,177.9,27.38682466,0.591056,0.055912,1
1927.413288,5028.454522999999,2035.1467350000003,DDH-047,0.64,22.11557325,-15.33732956,0,131.1,131.74,19.71782021,0.885976,0.246324,1
1927.649373,5029.035211,2035.318668,DDH-047,0.66,22.13380721,-15.33878258,0,131.74,132.4,3.7769999999999997,0.5635479999999999,0.267784,1
1927.914732,5029.687274,2035.511781,DDH-047,0.8,22.15428565,-15.34041266,0,132.4,133.2,0.5395800000000001,0.095924,0.059952,1
1928.169404,5030.312447,2035.696977,DDH-047,0.6,22.17392278,-15.341973999999999,0,133.2,133.8,0.29952,0.055912,0.027956,1
1928.451609,5031.0044960000005,2035.902037,DDH-047,0.95,22.19566421,-15.34370062,0,133.8,134.75,13.93949413,4.514352,4.231224,1
1928.788777,5031.830343,2036.1468149999998,DDH-047,0.9,22.22161409,-15.34575867,0,134.75,135.65,22.61113318,2.46712,1.90514,1
1929.102584,5032.598015,2036.3744219999999,DDH-047,0.82,22.24574088,-15.347669400000001,0,135.65,136.47,18.51312697,2.4801919999999997,1.806656,1
1929.4313309999998,5033.401244,2036.612646,DDH-047,0.98,22.27099025,-15.34966623,0,136.47,137.45,21.40384883,0.780508,0.20206,1
1929.793358,5034.284622,2036.874727,DDH-047,1.0,22.29876503,-15.35185944,0,137.45,138.45,11.79058614,1.363636,1.071148,1
1929.262027,5030.650906,1925.055834,DDH-048,0.85,21.67203,30.47007,0,149.4,150.25,0.17862,0.047636000000000005,0.007940000000000001,1
1929.556447,5031.391802,1924.586777,DDH-048,1.0,21.67203,30.47007,0,150.25,151.25,14.06680454,1.8275720000000002,1.108464,1
1929.874739,5032.192772,1924.0796890000001,DDH-048,1.0,21.67203,30.47007,0,151.25,152.25,16.62104101,0.948788,0.14291199999999998,1
1930.1930300000001,5032.993740999999,1923.572601,DDH-048,1.0,21.67203,30.47007,0,152.25,153.25,12.05506459,2.256532,0.20586,1
1930.4954070000001,5033.754661999999,1923.0908670000001,DDH-048,0.9,21.67203,30.47007,0,153.25,154.15,25.31836715,0.391612,0.039556,1
1930.797784,5034.515582999999,1922.609133,DDH-048,1.0,21.67203,30.47007,0,154.15,155.15,21.56357597,0.389972,0.055712,1
1931.052418,5035.1563590000005,1922.2034629999998,DDH-048,0.6,21.67203,30.47007,0,155.15,155.75,26.356213399999998,0.673268,0.106932,1
1931.3070510000002,5035.797134,1921.797792,DDH-048,1.0,21.67203,30.47007,0,155.75,156.75,24.77731057,0.426464,0.059784000000000004,1
1931.6253420000003,5036.598104,1921.290704,DDH-048,1.0,21.67203,30.47007,0,156.75,157.75,11.06922647,0.753588,0.514356,1
1931.8799760000002,5037.2388789999995,1920.885034,DDH-048,0.6,21.67203,30.47007,0,157.75,158.35,0.2982,0.071572,0.011928,1
1932.150524,5037.9197030000005,1920.454009,DDH-048,1.1,21.67203,30.47007,0,158.35,159.45,21.220035100000004,0.954092,0.9900200000000001,1
1932.4847300000001,5038.760721,1919.921566,DDH-048,1.0,21.67203,30.47007,0,159.45,160.45,14.84137615,3.227576,4.841364,1
1932.739363,5039.401497,1919.515895,DDH-048,0.6,21.67203,30.47007,0,160.45,161.05,16.38980711,6.112652,2.3369221388703902,1
1932.8985089999999,5039.8019810000005,1919.262351,DDH-048,0.4,21.67203,30.47007,0,161.05,161.45,6.43194,1.49882,1.87254,1
1710.448709,4968.352082,1985.9755329999998,DDH-049,1.0,292.2452351,3.10107304,0,178.65,179.65,14.16781473,3.322808,3.3070239999999997,1
1709.755601,4968.635767,1985.934985,DDH-049,0.5,292.27273357,3.09713511,0,179.65,180.15,0.77904,0.0839,0.03196,1
1709.1319019999999,4968.891309000001,1985.8985329999998,DDH-049,0.85,292.28525651,3.09415657,0,180.15,181.0,19.39188103,2.1038040000000002,1.945324,1
1708.27728,4969.241682,1985.848636,DDH-049,1.0,292.29950386,3.09020959,0,181.0,182.0,19.54812524,1.789264,2.119284,1
1707.492027,4969.563835,1985.802841,DDH-049,0.7,292.31259595,3.08658247,0,182.0,182.7,10.53858442,0.37257199999999996,0.11890799999999999,1
1706.91468,4969.800827,1985.769202,DDH-049,0.55,292.32222243,3.08391536,0,182.7,183.25,19.80788601,2.6777919999999997,3.218116,1
1865.64095,5021.57645,1968.54334,DDH-050,1.0,356.68928341,13.78178641,0,118.15,119.15,17.276532500000002,2.5746119999999997,3.6012720000000003,1
1865.59785,5022.328062,1968.359026,DDH-050,0.55,356.74695153,13.73144062,0,119.15,119.7,17.64891996,3.74502,5.908368,1
1824.911815,5008.460839,1953.8937,DDH-051,0.39,333.37725173,23.03894766,0,122.45,122.84,12.84702109,3.909596,5.7256160000000005,1
1824.720141,5008.843419,1953.711702,DDH-051,0.54,333.40069866,23.04289486,0,122.84,123.38,1.3059,0.138504,0.071232,1
1824.4319070000001,5009.4194689999995,1953.4376739999998,DDH-051,0.86,333.43599789999996,23.04883039,0,123.38,124.24,10.08627192,6.033588,5.973612,1
1669.403423,4947.462081000001,2179.371962,DDH-052,0.4,293.21468325,14.59948246,0,94.0,94.4,12.69668205,2.481052,1.6114879999999998,1
1668.958771,4947.652856000001,2179.2459120000003,DDH-052,0.6,293.2281506,14.60436139,0,94.4,95.0,0.7159800000000001,0.16706400000000002,0.039776,1
1668.247442,4947.958304,2179.044145,DDH-052,1.0,293.24969956,14.61216605,0,95.0,96.0,13.32791659,3.6850440000000004,2.17374,1
1667.4473619999999,4948.302240999999,2178.817031,DDH-052,0.8,293.27394392,14.62094391,0,96.0,96.8,27.79887785,3.4035800000000003,1.765408,1
1666.958512,4948.512585,2178.6781730000002,DDH-052,0.3,293.28876084,14.62630691,0,96.8,97.1,12.72158352,1.8073720000000002,1.137536,1
1665.881375,4969.3027759999995,2216.124663,DDH-053,0.65,303.36273749,-6.63682647,0,105.4,106.05,22.39791054,2.857712,1.6986400000000001,1
1652.793461,4951.311496,2215.218187,DDH-054,0.8,291.42553174,-6.62814607,0,108.8,109.6,10.55154,2.486012,0.6634680000000001,1
1656.7985039999999,4934.364672,2179.412957,DDH-055,0.3,282.28685951,12.87916328,0,102.4,102.7,22.65365923,1.827916,1.145916,1
1694.582507,4984.847397,2227.3170649999997,DDH-056,0.9,321.49631789,-14.460888199999998,0,96.35,97.25,14.03479381,6.364719999999999,1.775924,1
1694.009919,4985.567406,2227.5542010000004,DDH-056,1.0,321.51662450000003,-14.44870107,0,97.25,98.25,2.88,0.436,0.08,1
1693.407434,4986.325574,2227.803606,DDH-056,1.0,321.53799742,-14.43587066,0,98.25,99.25,13.39770924,6.481852,1.7590759999999999,1
1692.9406789999998,4986.91334,2227.9967469999997,DDH-056,0.55,321.55455968,-14.4259258,0,99.25,99.8,13.57742485,1.0705799999999999,0.13878,1
1692.654676,4987.273664,2228.11506,DDH-056,0.4,321.56471,-14.41983,0,99.8,100.2,8.9463,0.62028,0.051688,1
1696.197339,4990.440979,2245.866744,DDH-057,0.3,325.48945571,-24.9161332,0,105.95,106.25,12.80049923,0.6460560000000001,0.249704,1
1680.6892300000002,4978.7500469999995,2240.255709,DDH-058,0.6,311.54595769,-20.74686234,0,105.45,106.05,13.84918496,2.129188,2.061404,1
1680.374279,4979.029144,2240.415116,DDH-058,0.3,311.54623219999996,-20.74660269,0,106.05,106.35,0.70896,0.13391199999999998,0.0512,1
1679.9543449999999,4979.401277,2240.6276550000002,DDH-058,0.9,311.54659821,-20.7462565,0,106.35,107.25,12.21810504,3.2675553459223914,1.743687812248125,1
1679.394436,4979.89746,2240.911036,DDH-058,0.7,311.54708622,-20.7457949,0,107.25,107.95,13.77270623,1.687128,2.18614,1
1718.171082,4975.331187,2155.539325,DDH-059,0.8,329.93341695,33.25262393,0,85.25,86.05,26.25395902,1.7029720000000002,2.518812,1
1717.794234,4975.982605,2155.045734,DDH-059,1.0,329.96748464,33.26718379,0,86.05,87.05,17.61571458,1.291828,2.089496,1
1717.5014420000002,4976.489342,2154.661698,DDH-059,0.4,329.99398965,33.27850172,0,87.05,87.45,8.833919999999999,0.361208,0.8637600000000001,1
1717.334255,4976.778937,2154.442197,DDH-059,0.4,330.00913847,33.28496659,0,87.45,87.85,14.06791353,0.534716,1.037508,1
1717.114957,4977.159065,2154.1540449999998,DDH-059,0.65,330.02902472,33.29344895,0,87.85,88.5,0.11982000000000001,0.043927999999999995,0.007988,1
1716.791511,4977.720277,2153.72856,DDH-059,0.9,330.05838769999997,33.30596475,0,88.5,89.4,9.542760000000001,0.318092,0.6640159999999999,1
1716.4579820000001,4978.299682,2153.289201,DDH-059,0.7,330.08870674,33.31887705,0,89.4,90.1,12.60868958,0.8092239999999999,1.73964,1
1716.2288879999999,4978.698075,2152.9870539999997,DDH-059,0.4,330.10955629,33.32774998,0,90.1,90.5,13.80251101,0.458532,0.933016,1
1692.6372649999998,4942.944603,2094.675991,DDH-060,0.69,331.35483001,-7.22580423,0,143.11,143.8,24.89587605,0.47506800000000005,0.10993199999999999,1
1692.2735280000002,4943.61066,2094.772361,DDH-060,0.84,331.36673009,-7.24813664,0,143.8,144.64,17.60337044,2.720124,2.6179240000000004,1
1691.940834,4944.22016,2094.8608010000003,DDH-060,0.56,331.37762008,-7.26857126,0,144.64,145.2,1.6542,0.16147999999999998,0.102404,1
1691.6890230000001,4944.681662,2094.927928,DDH-060,0.5,331.38586602,-7.28404302,0,145.2,145.7,0.47886000000000006,0.09976,0.027932,1
1691.3921739999998,4945.225913,2095.007269,DDH-060,0.75,331.39559074,-7.30228782,0,145.7,146.45,15.68458727,3.5110919999999997,4.421956,1
1691.131033,4945.704877,2095.077253,DDH-060,0.35,331.40414915,-7.31834306,0,146.45,146.8,13.10452501,0.9928799999999999,0.878164,1
1690.9031940000002,4946.1229,2095.138454,DDH-060,0.61,331.4116188,-7.33235477,0,146.8,147.41,11.86818409,3.7992120000000003,3.562992,1
1690.5710390000002,4946.732547,2095.227915,DDH-060,0.79,331.42251288,-7.35278828,0,147.41,148.2,14.89096872,3.528708,4.381976,1
1690.265098,4947.294325,2095.310567,DDH-060,0.5,331.43255187,-7.37161604,0,148.2,148.7,16.568109200000002,3.343776,1.65845787769657,1
1672.6168890000001,4917.578661,2089.759688,DDH-061,0.4,317.3238878,-5.92322579,0,134.35,134.75,0.0597,0.039807999999999996,0.00796,1
1672.380907,4917.834606,2089.795806,DDH-061,0.3,317.3238878,-5.92322579,0,134.75,135.05,23.00401895,6.135552,4.724536,1
1672.077501,4918.163679,2089.842244,DDH-061,0.6,317.3238878,-5.92322579,0,135.05,135.65,0.41748,0.0835,0.015903999999999998,1
1721.8683230000001,4965.771933,2103.047968,DDH-062,0.55,345.18258777,-10.23345816,0,153.3,153.85,5.94528,0.325008,0.41617200000000004,1
1734.817495,4963.953456,2055.72354,DDH-063,0.96,352.313486,8.44958032,0,147.4,148.36,1.9146599999999998,0.339052,0.37894,1
1734.71445,4964.718083,2055.608959,DDH-063,0.6,352.33616684,8.44487924,0,148.36,148.96,11.33544,0.555776,0.39984000000000003,1
1734.6327579999997,4965.325899,2055.517927,DDH-063,0.64,352.35419479,8.44114156,0,148.96,149.6,4.66134,0.266932,0.1753,1
1734.5525699999998,4965.923943,2055.4284030000003,DDH-063,0.58,352.37193160000004,8.43746337,0,149.6,150.18,1.25748,0.17964000000000002,0.11975999999999999,1
1734.4705809999998,4966.536731,2055.336769,DDH-063,0.67,352.38589431,8.42188372,0,150.18,150.85,0.8396399999999999,0.087964,0.067972,1
1734.38742,4967.159371,2055.243867,DDH-063,0.6,352.39916568,8.40349135,0,150.85,151.45,22.40039866,0.709444,0.8848159999999999,1
1734.312239,4967.723221,2055.1599170000004,DDH-063,0.55,352.41118201,8.38683644,0,151.45,152.0,1.97448,0.155564,0.103708,1
1734.2371719999999,4968.287109000001,2055.076133,DDH-063,0.6,352.42319732,8.37018113,0,152.0,152.6,2.9976599999999998,0.26645599999999997,0.20768000000000003,1
1734.1329230000001,4969.071715,2054.9598379999998,DDH-063,1.0,352.43991259,8.3470079,0,152.6,153.6,1.1345399999999999,0.07961599999999999,0.067676,1
1734.012663,4969.979011,2054.8257719999997,DDH-063,0.85,352.45923717,8.32021294,0,153.6,154.45,13.89388832,0.46631999999999996,1.0801120000000002,1
1683.442248,4926.021618,2066.17556,DDH-064,1.0,323.88241173,4.95039536,0,132.6,133.6,18.16015111,3.217564,3.8419160000000003,1
1682.884328,4926.786146,2066.093568,DDH-064,0.9,323.87680107,4.95201803,0,133.6,134.5,12.32427708,1.227708,1.8602720000000001,1
1682.3703890000002,4927.490266,2066.018026,DDH-064,0.85,323.87163333,4.95351255,0,134.5,135.35,15.10789327,1.035572,2.02478,1
1681.944507,4928.073643,2065.9554160000002,DDH-064,0.6,323.86735147,4.95475084,0,135.35,135.95,11.01195372,0.686204,1.620416,1
1681.680145,4928.435723,2065.916547,DDH-064,0.3,323.86469376,4.95551942,0,135.95,136.25,0.6048,0.022356,0.035128,1
1681.4451420000003,4928.757561,2065.881992,DDH-064,0.5,323.86233135,4.9562026,0,136.25,136.75,10.67928,0.1753,0.617528,1
1681.1660600000002,4929.139731,2065.840951,DDH-064,0.45,323.85952597,4.95701385,0,136.75,137.2,11.94115171,2.390836,2.646216,1
1680.886959,4929.521887,2065.799904,DDH-064,0.5,323.85672059,4.9578251,0,137.2,137.7,24.48464195,1.547848,3.574164,1
1680.5784579999997,4929.944253000001,2065.754528,DDH-064,0.55,323.85361989999996,4.95872172,0,137.7,138.25,23.8633107,1.157936,2.618552,1
1669.7848199999999,4912.123723,2071.625497,DDH-065,0.55,314.6946895,2.88808909,0,131.0,131.55,0.1197,0.043896,0.003992,1
1669.401452,4912.503043,2071.5981739999997,DDH-065,0.53,314.69715442,2.91256456,0,131.55,132.08,0.17987999999999998,0.031976,0.011992000000000001,1
1700.074111,4955.940732999999,2113.678037,DDH-066,1.0,335.11435808,-12.80804077,0,153.65,154.65,13.88604952,0.9167,1.941012,1
1699.797191,4956.537849,2113.827678,DDH-066,0.35,335.12540847,-12.80870937,0,154.65,155.0,13.55557715,0.753888,1.196648,1
1684.9698809999998,4935.783947999999,2105.276487,DDH-067,0.55,327.5425474,-10.88709366,0,142.4,142.95,12.05566331,8.661608,3.7395120000000004,1
1684.640548,4936.301851,2105.394557,DDH-067,0.7,327.55315512,-10.89158421,0,142.95,143.65,13.29943818,6.338928,1.342924,1
1684.192817,4937.006285,2105.55521,DDH-067,1.0,327.56758214,-10.89769078,0,143.65,144.65,7.9104,1.990484,0.8921479999999999,1
1683.7979149999999,4937.627925,2105.697036,DDH-067,0.5,327.58031235,-10.90307837,0,144.65,145.15,13.62651839,1.992016,1.708584,1
1683.5084129999998,4938.083844,2105.8010870000003,DDH-067,0.6,327.58964814,-10.90702893,0,145.15,145.75,0.6,0.10400000000000001,0.032,1
1683.2058350000002,4938.56053,2105.909906,DDH-067,0.55,327.59940854,-10.91115877,0,145.75,146.3,11.39411806,7.108816,5.146944,1
1722.679859,4970.038975,1983.018841,DDH-068,0.4,349.35471767,29.78633139,0,181.1,181.5,0.006,0.004,0.007932,1
1722.5678329999998,4970.636142,1982.6712129999999,DDH-068,1.0,349.39540029,29.76553493,0,181.5,182.5,0.537,0.039776,0.039776,1
1722.4402949999999,4971.318864,1982.274197,DDH-068,0.6,349.44187424,29.7417522,0,182.5,183.1,16.04521188,2.768924,1.92032,1
1722.3648170000001,4971.724354999999,1982.038605,DDH-068,0.35,349.46945781,29.72762348,0,183.1,183.45,13.62486236,0.051876,0.01596,1
1670.273023,4931.826897,1981.617204,DDH-069,0.3,323.41052905,33.83063384,0,172.75,173.05,4.71174,0.8310120000000001,0.242544,1
1721.5951300000002,4964.905821,2023.3747260000002,DDH-070,0.3,345.92903067,18.46002433,0,159.8,160.1,6.82908,1.206072,1.030352,1
1721.5202190000002,4965.204864,2023.2718280000001,DDH-070,0.35,345.94433308,18.45578169,0,160.1,160.45,2.87196,0.8855200000000001,0.674112,1
1721.3706320000001,4965.803032,2023.0661,DDH-070,0.95,345.97504199,18.447509399999998,0,160.45,161.4,13.2540703,2.519904,2.105892,1
1721.1468399999999,4966.700484,2022.7576739999997,DDH-070,1.0,346.02109999,18.43509167,0,161.4,162.4,13.06240869,3.7415239999999996,1.1647399999999999,1
1720.969457,4967.414015,2022.512659,DDH-070,0.55,346.05770559,18.425213199999998,0,162.4,162.95,11.41967707,1.9216919999999997,0.43148400000000003,1
2068.161102,5140.953565999999,2236.299544,DDH-071,1.0,22.47839572,-8.27840211,0,238.7,239.7,0.059879999999999996,0.063872,0.003992,1
1862.8245120000001,5034.133056000001,2196.444731,DDH-072,1.0,316.10803665,2.29266132,0,157.22,158.22,20.90841904,1.3572,0.6688,1
1862.131854,5034.853213,2196.404622,DDH-072,1.0,316.12203229,2.3046637000000003,0,158.22,159.22,22.67429424,2.341733922395361,6.6432,1
1861.439378,5035.573531,2196.3643039999997,DDH-072,1.0,316.13602822,2.31666599,0,159.22,160.22,29.42807644,4.9268,3.1148,1
1860.7470870000002,5036.294011,2196.323777,DDH-072,1.0,316.15002442,2.32866818,0,160.22,161.22,13.77127164,2.0268,1.7876,1
1860.0549780000001,5037.014653,2196.283041,DDH-072,1.0,316.16402091,2.34067026,0,161.22,162.22,26.09737116,4.0428,3.1984,1
1859.363053,5037.735455,2196.242095,DDH-072,1.0,316.17801768,2.35267224,0,162.22,163.22,21.093324,5.638,4.8524,1
1858.6713120000002,5038.456419,2196.2009399999997,DDH-072,1.0,316.19201472,2.36467411,0,163.22,164.22,20.446839,4.750358160214266,4.546,1
1857.979754,5039.1775450000005,2196.159576,DDH-072,1.0,316.20601203,2.37667586,0,164.22,165.22,24.30030336,4.113081229860671,5.9176,1
1857.2883789999998,5039.898832,2196.118003,DDH-072,1.0,316.22000962,2.3886775,0,165.22,166.22,14.828671,8.176,5.5196,1
1856.597187,5040.62028,2196.0762210000003,DDH-072,1.0,316.23400748,2.40067902,0,166.22,167.22,15.08364864,3.3670566156814408,2.2652235581929343,1
1855.9061789999998,5041.34189,2196.034229,DDH-072,1.0,316.24800562,2.41268041,0,167.22,168.22,24.64162876,5.3728,4.3016,1
1855.215353,5042.063662,2195.992028,DDH-072,1.0,316.26200401,2.42468168,0,168.22,169.22,13.08886524,4.5272,3.8268,1
1854.524711,5042.785595,2195.949618,DDH-072,1.0,316.27600268,2.43668283,0,169.22,170.22,22.50268444,7.8416,4.7892,1
1853.7721199999999,5043.572687,2195.903152,DDH-072,1.18,316.29126153,2.44976392,0,170.22,171.4,26.56206384,3.3268,2.5936,1
1853.0197460000002,5044.35997,2195.856439,DDH-072,1.0,316.30652069,2.46284485,0,171.4,172.4,11.36442133,1.3116,1.9552,1
1852.329686,5045.082418,2195.8133629999998,DDH-072,1.0,316.32052019,2.47484556,0,172.4,173.4,14.257999,1.1232,2.0548,1
1851.6398100000001,5045.805028,2195.770078,DDH-072,1.0,316.33451995,2.48684613,0,173.4,174.4,13.46498533,0.4824,0.8704,1
1846.284834,5053.760586,2230.1336739999997,DDH-073,1.0,318.0227002,-9.48449405,0,185.0,186.0,13.32128533,0.3112,0.5508,1
1845.6253239999999,5054.493964,2230.298521,DDH-073,1.0,318.04871389,-9.49247336,0,186.0,187.0,13.781232000000001,0.3432,0.6748,1
1844.9661600000002,5055.227627,2230.463506,DDH-073,1.0,318.07472866,-9.50045072,0,187.0,188.0,13.710212,1.3836,0.5424,1
1844.3073420000003,5055.961575,2230.628629,DDH-073,1.0,318.10074449,-9.5084261,0,188.0,189.0,10.302,0.4152,0.4472,1
1843.7476179999999,5056.585655,2230.769092,DDH-073,0.7,318.12285879,-9.51520363,0,189.0,189.7,12.31386133,0.5556,0.7476,1
1737.106182,5019.740397,2248.332406,DDH-074,0.31,294.29308644,-11.41196307,0,259.17,259.48,11.58478055,0.319232,0.127692,1
1824.0817960000002,5018.060579999999,2177.615934,DDH-075,0.8,358.2667142,23.41338275,0,57.6,58.4,13.259116,0.96,1.348,1
1824.059676,5018.794396,2177.298076,DDH-075,0.8,358.28002935,23.40803049,0,58.4,59.2,11.04,0.632,0.84,1
1824.037725,5019.528248,2176.980286,DDH-075,0.8,358.29334339,23.40267711,0,59.2,60.0,18.292236,1.456,2.572,1
1824.0159260000003,5020.262132,2176.662566,DDH-075,0.8,358.30133531,23.39733376,0,60.0,60.8,12.47,0.308,0.48,1
1823.9941789999998,5020.9960439999995,2176.344916,DDH-075,0.8,358.30400577,23.39200124,0,60.8,61.6,8.64,0.564,1.052,1
1823.9724640000002,5021.729986,2176.027334,DDH-075,0.8,358.30667602,23.38666867,0,61.6,62.4,13.59736288,1.254424,1.9897759999999998,1
1823.9507829999998,5022.463959000001,2175.70982,DDH-075,0.8,358.30934606,23.38133605,0,62.4,63.2,10.87992,0.408244,0.7570359999999999,1
1773.2410940000002,5005.031552,2176.6228539999997,DDH-076,0.7,307.9176404,20.37059711,0,70.1,70.8,10.545,0.394944,0.529224,1
1772.6865579999999,5005.463754,2176.3617600000002,DDH-076,0.8,307.94763039,20.37562589,0,70.8,71.6,12.36963241,1.077536,1.570576,1
1772.095324,5005.925072999999,2176.083192,DDH-076,0.8,307.97962195,20.380984299999998,0,71.6,72.4,13.818112,1.0622280000000002,1.6567560000000001,1
1771.541295,5006.357844,2175.8219710000003,DDH-076,0.7,308.00961612,20.38600252,0,72.4,73.1,0.11832000000000001,0.035488,0.011828,1
1746.238603,5017.233056,2229.666427,DDH-077,0.92,303.76812672,-16.26816646,0,99.4,100.32,0.059879999999999996,0.06389600000000001,0.003992,1
1718.071439,4980.621781,2183.611024,DDH-078,0.54,278.51304612,8.75485746,0,111.03,111.57,13.53217088,8.822364,6.395716,1
1717.1917329999999,4980.75353,2183.474065,DDH-078,1.26,278.52204867,8.75126057,0,111.57,112.83,0.7710600000000001,0.17002799999999998,0.086992,1
1716.385346,4980.874422,2183.348569,DDH-078,0.39,278.53030087,8.74796323,0,112.83,113.22,0.41472,0.44233999999999996,0.161928,1
1716.0481329999998,4980.925011,2183.296103,DDH-078,0.3,278.53375175,8.74658429,0,113.22,113.52,7.41696,0.22943200000000002,0.265032,1
1715.593632,4980.993229,2183.225401,DDH-078,0.63,278.53840289,8.74472566,0,113.52,114.15,0.23531999999999997,0.090196,0.011764,1
1714.797041,4981.1128850000005,2183.101518,DDH-078,1.0,278.54655479,8.74146793,0,114.15,115.15,12.85647816,1.201904,0.4046,1
1811.752144,5041.791541,2225.684511,DDH-079,0.7,349.8457673,-16.13585118,0,81.5,82.2,16.10069646,1.224812,1.7740040000000001,1
1811.6522420000001,5042.349437,2225.8484329999997,DDH-079,0.48,349.84969587,-16.12601694,0,82.2,82.68,3.07812,0.157852,0.142068,1
1811.5489890000001,5042.926282,2226.017809,DDH-079,0.74,349.85375719,-16.11584927,0,82.68,83.42,22.72732244,1.7997599999999998,2.7095759999999998,1
1784.6963059999998,5025.035217000001,2222.2082570000002,DDH-080,0.71,326.11269712,-15.59379001,0,75.59,76.3,13.06550961,0.5498,0.84462,1
1784.3311600000002,5025.578964,2222.391025,DDH-080,0.65,326.12176307,-15.58925594,0,76.3,76.95,12.67790424,0.33992,0.06324,1
1791.1087059999998,5017.0137509999995,2181.407775,DDH-081,0.65,326.57524964,17.76293968,0,65.35,66.0,14.04606334,1.2400959999999999,2.048336,1
1790.8202019999999,5017.450906,2181.2399600000003,DDH-081,0.45,326.57839652,17.76765273,0,66.0,66.45,3.1554599999999997,0.10907599999999999,0.155824,1
1790.4399489999998,5018.027161999999,2181.018682,DDH-081,1.0,326.58254493,17.77386532,0,66.45,67.45,5.397419999999999,0.21747600000000003,0.383552,1
1854.738607,5027.16524,2178.6275170000004,DDH-082,0.6,24.48732114,18.58782072,0,70.96,71.56,14.71473541,3.694268,2.906052,1
1854.929173,5027.583565,2178.472888,DDH-082,0.37,24.49539895,18.59590666,0,71.56,71.93,23.51877731,8.070944,6.0701480000000005,1
1855.0608300000001,5027.872484,2178.3660449999998,DDH-082,0.3,24.50097892,18.60149159,0,71.93,72.23,11.2110546,2.341192,1.1666,1
1855.198407,5028.174316,2178.254385,DDH-082,0.4,24.50680913,18.60732641,0,72.23,72.63,14.05185147,1.9068479999999999,1.234076,1
1855.3497719999998,5028.506303,2178.131519,DDH-082,0.37,24.51322283,18.61374452,0,72.63,73.0,23.67673471,0.864392,0.38858000000000004,1
1855.577862,5029.006383,2177.946346,DDH-082,0.79,24.52288593,18.62341295,0,73.0,73.79,11.21501633,1.107116,0.3757,1
1856.0263850000001,5029.989104,2177.5821149999997,DDH-082,1.49,24.54188215,18.64241498,0,73.79,75.28,0.17892,0.107356,0.007951999999999999,1
1856.4810899999998,5030.984490999999,2177.212726,DDH-082,0.82,24.56113266,18.66166509,0,75.28,76.1,0.11796,0.098308,0.003932,1
1856.8040829999998,5031.691011999999,2176.950253,DDH-082,0.82,24.57480233,18.67533065,0,76.1,76.92,3.77244,0.271456,0.11975999999999999,1
1857.024745,5032.1734369999995,2176.770897,DDH-082,0.3,24.58413898,18.68466265,0,76.92,77.22,12.21261726,2.1749400000000003,1.5484639999999998,1
1857.286868,5032.746236,2176.557798,DDH-082,1.03,24.59522759,18.6957438,0,77.22,78.25,1.248,0.138668,0.027732,1
1857.67727,5033.598811,2176.2403289999997,DDH-082,0.95,24.61173811,18.71223932,0,78.25,79.2,25.36032037,0.5231640000000001,0.107828,1
1858.010657,5034.326359000001,2175.969143,DDH-082,0.74,24.62583296,18.72631768,0,79.2,79.94,12.4416,0.508,0.12,1
1858.257342,5034.864396,2175.768436,DDH-082,0.51,24.63625964,18.73672998,0,79.94,80.45,12.67198785,0.798404,0.27944,1
1858.5396510000003,5035.479814,2175.5386940000003,DDH-082,0.92,24.64818933,18.74864092,0,80.45,81.37,2.6200799999999997,0.27392,0.103216,1
1858.835896,5036.125249000001,2175.297555,DDH-082,0.58,24.66070478,18.76113409,0,81.37,81.95,10.39510972,2.348216644389369,1.498670230592713,1
1859.1184280000002,5036.740459000001,2175.067525,DDH-082,0.85,24.67263789,18.77304345,0,81.95,82.8,11.18521473,2.5552040000000003,1.660096,1
1859.484102,5037.53621,2174.7697239999998,DDH-082,1.0,24.68807829,18.78844952,0,82.8,83.8,29.63822261,0.9234399999999999,0.217048,1
1859.879629,5038.39629,2174.447511,DDH-082,1.0,24.70477375,18.80510325,0,83.8,84.8,29.9367471,0.49741199999999997,0.155192,1
1860.267452,5039.238976,2174.131475,DDH-082,0.96,24.72113847,18.82142241,0,84.8,85.76,8.62542,0.834976,0.208744,1
1860.5247940000002,5039.797795,2173.921714,DDH-082,0.34,24.73199434,18.83224554,0,85.76,86.1,10.76896983,1.21488,0.613376,1
1860.770343,5040.330744,2173.721524,DDH-082,0.9,24.74235045,18.84256852,0,86.1,87.0,23.01195231,1.03146,1.055356,1
1861.077393,5040.996824,2173.471139,DDH-082,0.65,24.75529734,18.85547141,0,87.0,87.65,19.06327624,1.513708,2.010328,1
1861.2815039999998,5041.4393789999995,2173.304662,DDH-082,0.38,24.76390184,18.86404507,0,87.65,88.03,15.83224423,0.9137639999999999,1.024524,1
1830.940939,5017.808503,2154.700269,DDH-083,0.59,4.7284026,40.97234843,0,70.03,70.62,11.58478055,1.105348,1.328812,1
1830.9835719999999,5018.323936,2154.251118,DDH-083,0.78,4.7284026,40.97234843,0,70.62,71.4,5.577780000000001,0.415832,0.759696,1
1809.463041,5010.271659,2158.636014,DDH-084,0.75,340.25104524,42.55130512,0,64.75,65.5,13.74412097,0.47124799999999994,1.030352,1
1809.2826149999999,5010.774315,2158.1456989999997,DDH-084,0.7,340.25827307,42.55856111,0,65.5,66.2,13.84047844,0.407024,0.965684,1
1809.1022739999999,5011.276935,2157.655316,DDH-084,0.75,340.26550258,42.56581665,0,66.2,66.95,8.97384,0.293184,0.60618,1
1808.959305,5011.675539,2157.266344,DDH-084,0.4,340.27123753,42.57157072,0,66.95,67.35,22.19136218,2.177548,0.41799200000000003,1
1718.175703,5000.331029999999,2227.19835,DDH-085,0.7,288.83047292,-12.20149518,0,116.1,116.8,0.71628,0.198964,0.091524,1
1906.1751129999998,4990.647609000001,1782.7914620000001,DDH-086,0.77,308.52612999999997,-17.18906,0,214.9,215.67,24.85660687,0.004,0.009968000000000001,1
1905.5585230000002,4991.138526,1783.0352710000002,DDH-086,0.88,308.52612999999997,-17.18906,0,215.67,216.55,24.96309995,0.17030399999999998,0.102024,1
1904.9867769999998,4991.59374,1783.261348,DDH-086,0.65,308.52612999999997,-17.18906,0,216.55,217.2,21.67429774,0.090112,0.015948,1
1904.4822940000001,4991.995399,1783.4608280000002,DDH-086,0.7,308.52612999999997,-17.18906,0,217.2,217.9,22.27662795,0.543972,0.06366799999999999,1
1903.8918629999998,4992.465489,1783.694293,DDH-086,0.88,308.52612999999997,-17.18906,0,217.9,218.78,20.20206366,0.483292,0.13604000000000002,1
1818.9386510000002,4990.114001,1883.562259,DDH-087,0.4,350.74817822,-13.90482731,0,92.25,92.65,24.00099996,0.610556,0.728908,1
1849.124239,5008.786466,1886.7162859999999,DDH-088,0.69,9.1521,-13.73979,0,109.97,110.66,6.1554,0.24701199999999998,0.0996,1
1849.2215760000001,5009.390647,1886.865919,DDH-088,0.57,9.1521,-13.73979,0,110.66,111.23,17.05404287,0.767416,0.712316,1
1849.318914,5009.994829,1887.0155519999998,DDH-088,0.69,9.1521,-13.73979,0,111.23,111.92,21.68714287,0.5023920000000001,0.199364,1
1849.413934,5010.584625,1887.1616219999999,DDH-088,0.54,9.1521,-13.73979,0,111.92,112.46,16.9618754,0.863024,0.985748,1
1849.4896420000002,5011.054544,1887.278004,DDH-088,0.44,9.1521,-13.73979,0,112.46,112.9,10.48116328,1.250996,1.147412,1
1836.737855,4976.02784,1843.1268120000002,DDH-089,1.0,1.91598262,13.45812688,0,75.8,76.8,10.594840300000001,4.08692,6.38756,1
1836.759632,4976.674233,1842.9721359999999,DDH-089,0.33,1.94317669,13.44174264,0,76.8,77.13,19.41153768,2.405264,3.605904,1
1836.770387,4976.990152,1842.8966100000002,DDH-089,0.32,1.95646566,13.43373426,0,77.13,77.45,0.47963999999999996,0.05595599999999999,0.019984000000000002,1
1836.7899320000001,4977.558827000001,1842.7607739999999,DDH-089,0.85,1.98038352,13.41931743,0,77.45,78.3,15.35594244,2.107784,2.151696,1
1836.8179,4978.36085,1842.569454,DDH-089,0.8,2.01410888,13.39898224,0,78.3,79.1,15.63708704,0.866612,1.142172,1
1836.8458219999998,4979.148343,1842.381888,DDH-089,0.82,2.04721536,13.3790125,0,79.1,79.92,17.50284366,0.8589680000000001,1.562124,1
1836.8650420000001,4979.6830899999995,1842.254685,DDH-089,0.28,2.06985878,13.36532267,0,79.92,80.2,13.92,0.64,1.556,1
1809.2972519999998,4968.4523770000005,1844.538998,DDH-090,0.9,339.33318362,12.97396445,0,73.45,74.35,12.88849695,0.559552,0.6075119999999999,1
1809.048068,4969.113463000001,1844.376223,DDH-090,0.55,339.36085235,12.97512526,0,74.35,74.9,6.70392,0.19553199999999998,0.05985599999999999,1
1808.8335120000002,4969.6834579999995,1844.235888,DDH-090,0.7,339.38470492,12.97612361,0,74.9,75.6,11.58042811,0.662412,0.38707199999999997,1
1824.1709670000002,4967.755273,1817.573524,DDH-091,0.7,351.47846542,33.48776596,0,79.6,80.3,20.930351100000003,1.104024,2.730172,1
1824.0784449999999,4968.373932,1817.1597550000001,DDH-091,0.8,351.50900883,33.47781295,0,80.3,81.1,20.78338791,0.434784,0.067812,1
1823.9831609999999,4969.013341,1816.732314,DDH-091,0.75,351.53943571,33.46697019,0,81.1,81.85,15.39219761,0.98008,0.49402399999999996,1
1848.546959,4977.314291,1816.6497100000001,DDH-092,1.0,11.27583855,29.82985701,0,87.85,88.85,17.84965753,5.261696,1.3750565043644107,1
1848.7169399999998,4978.165043999999,1816.152386,DDH-092,1.0,11.32204967,29.816160999999997,0,88.85,89.85,12.11039741,2.4260599999999997,3.085532,1
1848.8491649999999,4978.8243649999995,1815.7671010000001,DDH-092,0.55,11.35901642,29.80613917,0,89.85,90.4,18.34297317,1.094308,0.21886,1
1848.981866,4979.483647,1815.381912,DDH-092,1.0,11.40201892,29.79924392,0,90.4,91.4,16.17057491,1.6673200000000001,0.83562,1
1970.5827160000001,5032.13315,1846.0881219999999,DDH-093,1.0,176.44682699,17.15822512,0,47.45,48.45,10.1200642,1.0685799999999999,1.283892,1
1938.765575,5029.994819,1845.662727,DDH-094,0.65,210.44210085,14.60857922,0,56.45,57.1,16.27749057,0.27810799999999997,0.05562,1
1938.422309,5029.410879,1845.4861440000002,DDH-094,0.75,210.45578032,14.61431541,0,57.1,57.85,23.28031552,0.270484,0.091488,1
1938.0175769999998,5028.722788,1845.27794,DDH-094,0.9,210.47190346,14.62107489,0,57.85,58.75,20.72406097,1.378624,1.148192,1
1937.588118,5027.993143,1845.0570149999999,DDH-094,0.85,210.48900484,14.62824282,0,58.75,59.6,21.63948444,1.213208,0.501192,1
1937.232126,5027.388694,1844.873882,DDH-094,0.6,210.50317538,14.63418101,0,59.6,60.2,18.52260798,3.856132,4.46934,1
1971.219837,5025.256915999999,1878.220793,DDH-095,0.5,176.11810315,-18.18797376,0,55.15,55.65,19.35316133,1.5630000000000002,1.76236,1
1971.258347,5024.688203,1878.4080960000001,DDH-095,0.7,176.13432093,-18.19234738,0,55.65,56.35,27.04082155,1.245508,1.317364,1
1971.2966940000001,5024.119494,1878.595443,DDH-095,0.5,176.15053951,-18.19671965,0,56.35,56.85,14.886030300000002,2.06058,2.307692,1
1971.3396420000001,5023.4797,1878.806259,DDH-095,0.85,176.16878639,-18.20163681,0,56.85,57.7,21.74305944,1.420636,0.940476,1
1971.393432,5022.67404,1879.071811,DDH-095,0.85,176.19176538,-18.20782634,0,57.7,58.55,15.43302808,1.0047840000000001,0.163476,1
1971.4500329999998,5021.820995,1879.353078,DDH-095,0.95,176.21609783,-18.21437696,0,58.55,59.5,11.09024272,2.114468,0.38156,1
1971.4969210000002,5021.110129,1879.5875420000002,DDH-095,0.55,176.23637624,-18.21983347,0,59.5,60.05,21.14227959,1.455848,1.15354,1
1936.8393670000003,5026.046407,1900.040707,DDH-096,0.95,210.40232891,-33.02419751,0,70.25,71.2,13.69893511,1.019516,0.67702,1
1936.4251510000001,5025.341927,1900.572484,DDH-096,1.0,210.50660282,-33.08037416,0,71.2,72.2,13.42805722,0.9832799999999999,0.7842359999999999,1
1936.105835,5024.8008469999995,1900.9820829999999,DDH-096,0.5,210.58690574,-33.12352872,0,72.2,72.7,14.08324214,0.689516,0.143484,1
1954.7011670000002,5031.888713,1846.4340260000001,DDH-097,0.3,194.31699246,16.23524679,0,49.3,49.6,1.91772,0.0839,0.023972,1
1954.629906,5031.609632,1846.3501390000001,DDH-097,0.3,194.33088359,16.23971074,0,49.6,49.9,12.38320981,0.347964,0.0949,1
1954.4753030000002,5031.005027,1846.168332,DDH-097,1.0,194.35367357,16.24255507,0,49.9,50.9,25.87357784,0.341,0.190324,1
1857.351565,5000.263435,2073.5,DDH-098,0.95,315.0,0.0,0,142.9,143.85,6.36,2.601452,1.8359999999999999,1
1856.7222399999998,5000.89276,2073.5,DDH-098,0.83,315.0,0.0,0,143.85,144.68,13.8368,0.9656239999999999,0.32799999999999996,1
1856.2272649999998,5001.387735,2073.5,DDH-098,0.57,315.0,0.0,0,144.68,145.25,14.441424,2.020540513543132,1.5846110644926004,1
1855.79593,5001.8190700000005,2073.5,DDH-098,0.65,315.0,0.0,0,145.25,145.9,6.18,0.608476,0.35200000000000004,1
1855.240852,5002.374149,2073.5,DDH-098,0.92,315.0,0.0,0,145.9,146.82,4.98,0.36596799999999996,0.16,1
1854.374646,5003.240354,2073.5,DDH-098,1.53,315.0,0.0,0,146.82,148.35,12.06613333,0.537928,0.10400000000000001,1
1853.3740899999998,5004.24091,2073.5,DDH-098,1.3,315.0,0.0,0,148.35,149.65,0.42,0.061728,0.024,1
1852.7376940000001,5004.877307,2073.5,DDH-098,0.5,315.0,0.0,0,149.65,150.15,10.518636,2.001796,1.92,1
1852.1720079999998,5005.442992,2073.5,DDH-098,1.1,315.0,0.0,0,150.15,151.25,20.239104,5.740836,4.684,1
1851.429546,5006.1854539999995,2073.5,DDH-098,1.0,315.0,0.0,0,151.25,152.25,12.894444,2.151712,0.612,1
1850.8355760000002,5006.779424,2073.5,DDH-098,0.68,315.0,0.0,0,152.25,152.93,11.83,4.510656,4.42,1
1850.0506879999998,5007.5643119999995,2073.5,DDH-098,1.54,315.0,0.0,0,152.93,154.47,13.044096000000001,3.8977720000000002,3.2680000000000002,1
1970.503132,5044.329302,1998.65,DDH-099,1.45,320.0,0.0,0,162.45,163.9,23.552256,1.243408,0.12,1
1969.747856,5045.229404,1998.65,DDH-099,0.9,320.0,0.0,0,163.9,164.8,12.1024,1.199316,0.076,1
1969.201487,5045.880542,1998.65,DDH-099,0.8,320.0,0.0,0,164.8,165.6,17.943935999999997,1.781336,0.272,1
1968.799745,5046.3593200000005,1998.65,DDH-099,0.45,320.0,0.0,0,165.6,166.05,12.0988,1.69756,0.56,1
1968.365863,5046.8764,1998.65,DDH-099,0.9,320.0,0.0,0,166.05,166.95,12.35053333,1.1552200000000001,0.368,1
1967.8355629999999,5047.5083859999995,1998.65,DDH-099,0.75,320.0,0.0,0,166.95,167.7,18.8256,4.506248,2.012,1
1967.257054,5048.197826,1998.65,DDH-099,1.05,320.0,0.0,0,167.7,168.75,24.802444,2.74696,1.48,1
1966.7106850000002,5048.848964,1998.65,DDH-099,0.65,320.0,0.0,0,168.75,169.4,20.01,2.081164,0.44799999999999995,1
1966.0839670000003,5049.595858,1998.65,DDH-099,1.3,320.0,0.0,0,169.4,170.7,14.0672,0.58202,0.16,1
1965.617946,5050.15124,1998.65,DDH-099,0.15,320.0,0.0,0,170.7,170.85,12.93013333,1.51678,1.656,1
1731.9506379999998,4984.312016,2136.33793,DDH-100,1.07,311.1960373,0.50459608,0,338.25,339.32,0.54,0.1,0.044000000000000004,1
1731.423945,4984.77309,2136.331743,DDH-100,0.33,311.20263989,0.50811876,0,339.32,339.65,13.4668,0.636,1.24,1
1852.84788,5005.9335200000005,2043.542002,DDH-101,1.0,347.50291435,-22.36136274,0,108.7,109.7,12.12396623,5.37236,1.6534910413307875,1
1852.6779999999999,5006.701037,2043.8653329999997,DDH-101,0.7,347.53618313,-22.354671399999997,0,109.7,110.4,17.60014119,2.44214,3.39984,1
1852.5085579999998,5007.46869,2044.1885710000001,DDH-101,1.0,347.56944873,-22.34797327,0,110.4,111.4,16.52392346,2.5359439999999998,3.210864,1
1852.3097739999998,5008.371985,2044.568735,DDH-101,1.0,347.60858059,-22.34008443,0,111.4,112.4,14.82171157,1.46624,1.2664799999999998,1
1852.1115960000002,5009.275467,2044.948771,DDH-101,1.0,347.64770796,-22.3321862,0,112.4,113.4,18.13077311,3.280192,3.519332,1
1851.914023,5010.179138,2045.32868,DDH-101,1.0,347.68683081,-22.324278600000003,0,113.4,114.4,18.04471712,3.8609120000000003,4.636292,1
1792.2661219999998,4993.754266,2051.4518120000002,DDH-102,0.75,316.60874758,-22.82359127,0,130.8,131.55,3.7485,6.953588000000001,0.1547,1
1791.886285,4994.156175,2051.6845940000003,DDH-102,0.45,316.62585964,-22.83323851,0,131.55,132.0,15.88432332,2.14968,1.126592,1
1755.069619,4974.702008,2036.746775,DDH-103,0.35,300.45532287,-15.47992875,0,144.15,144.5,12.59800558,1.364176,0.933176,1
1754.5089460000002,4975.031803,2036.927066,DDH-103,1.0,300.47387238,-15.50327598,0,144.5,145.5,21.381516,1.212,1.62,1
1753.6786359999999,4975.520651,2037.1946480000001,DDH-103,1.0,300.50136097,-15.53786179,0,145.5,146.5,17.12023326,4.020784,4.236612,1
1753.05615,4975.887494,2037.395717,DDH-103,0.5,300.52198356,-15.56379901,0,146.5,147.0,11.62386855,1.723312,1.079568,1
1814.495682,5000.327234,1985.8086449999998,DDH-104,1.0,326.58623886,7.76670789,0,112.3,113.3,14.46409497,1.8698560000000002,2.097216,1
1813.950236,5001.154402,1985.673471,DDH-104,1.0,326.6110397,7.77071287,0,113.3,114.3,26.16953536,0.602456,0.126832,1
1813.4051539999998,5001.981799,1985.5382280000001,DDH-104,1.0,326.63584102,7.77471642,0,114.3,115.3,21.79913007,0.5717720000000001,0.159936,1
1812.860435,5002.809424,1985.402916,DDH-104,1.0,326.66064282,7.77871853,0,115.3,116.3,18.38580553,0.9880959999999999,0.6627,1
1812.424922,5003.4716880000005,1985.294616,DDH-104,0.6,326.68048459,7.78191917,0,116.3,116.9,18.870455800000002,1.9832720000000001,1.816008,1
1769.653866,4971.369747,1994.4321969999999,DDH-105,0.75,302.23232673,1.28896046,0,125.2,125.95,8.33334,1.001564,0.766824,1
1769.0619179999999,4971.743043,1994.416455,DDH-105,0.65,302.24063716,1.28823717,0,125.95,126.6,21.0349505,2.351544,1.318288,1
1768.491163,4972.103088,1994.401284,DDH-105,0.7,302.24865079,1.28753968,0,126.6,127.3,21.56632261,0.472812,0.07092000000000001,1
1767.7725059999998,4972.556592,1994.382191,DDH-105,1.0,302.25874202,1.28666133,0,127.3,128.3,13.37030992,0.34198,0.086476,1
1766.927128,4973.090288,1994.359745,DDH-105,1.0,302.27061405,1.28562792,0,128.3,129.3,20.47323432,0.574484,0.14263199999999998,1
1766.081861,4973.624159,1994.3373179999999,DDH-105,1.0,302.28248608,1.28459446,0,129.3,130.3,15.57573751,0.7902,0.15804,1
1765.3634710000001,4974.078088,1994.318269,DDH-105,0.7,302.29257729,1.28371597,0,130.3,131.0,19.61403972,0.736344,0.11876400000000001,1
1764.8986730000001,4974.371874,1994.30595,DDH-105,0.4,302.29910689,1.28314751,0,131.0,131.4,2.63682,0.06792000000000001,0.019976,1
1764.30716,4974.74586,1994.2902789999998,DDH-105,1.0,302.30741729,1.282424,0,131.4,132.4,24.55286115,0.419304,0.05538,1
1763.5889670000001,4975.200102000001,1994.2712620000002,DDH-105,0.7,302.31750849,1.28154542,0,132.4,133.1,20.09143744,0.4502,0.05976,1
1762.997573,4975.574278,1994.2556100000002,DDH-105,0.7,302.32581887,1.28082185,0,133.1,133.8,11.74102353,7.553192,1.3713972827419814,1
1762.5118260000002,4975.881702000001,1994.242761,DDH-105,0.45,302.33264526,1.28022746,0,133.8,134.25,17.54331315,2.003192,2.1867520000000003,1
1877.547073,5006.510126,2048.317643,DDH-106,0.55,0.20352973,-25.19772747,0,108.85,109.4,12.72606445,3.906432,2.97076,1
1877.548773,5006.985195,2048.541087,DDH-106,0.5,0.20650137,-25.18109746,0,109.4,109.9,14.27717245,6.95322,4.038384,1
1827.7687620000002,4992.885326,2055.639023,DDH-107,1.0,330.40620466,-28.77446448,0,111.95,112.95,14.53308862,4.0615,3.785944,1
1827.336311,4993.647589,2056.120592,DDH-107,1.0,330.45913501,-28.80243194,0,112.95,113.95,15.41243497,3.6911400000000003,4.265764,1
1826.904679,4994.41005,2056.60259,DDH-107,1.0,330.51209344,-28.83037858,0,113.95,114.95,15.63719407,3.45462,4.89804,1
1826.473864,4995.172709,2057.085019,DDH-107,1.0,330.56507988,-28.85830431,0,114.95,115.95,10.79717219,3.0854880000000002,3.180916,1
1826.033128,4995.954642000001,2057.579955,DDH-107,1.05,330.61941999,-28.88690638,0,115.95,117.0,12.72655005,3.8178919999999996,3.6821080000000004,1
1825.5932510000002,4996.736782999999,2058.0753440000003,DDH-107,1.0,330.67378938,-28.91548631,0,117.0,118.0,16.69822174,3.3545800000000003,3.4860559999999996,1
1825.1649309999998,4997.500051,2058.5590850000003,DDH-107,1.0,330.72686083,-28.94334774,0,118.0,119.0,17.74418624,3.7874559999999997,4.314824,1
1824.716075,4998.301697,2059.067478,DDH-107,1.1,330.78261571,-28.97257936,0,119.0,120.1,24.13504255,0.76278,0.4992,1
1824.3746850000002,4998.91262,2059.455123,DDH-107,0.5,330.82176422,-28.98866113,0,120.1,120.6,13.466180599999998,3.5489040000000003,4.53094,1
1824.1402280000002,4999.332711999999,2059.721702,DDH-107,0.6,330.84572165,-28.99425374,0,120.6,121.2,18.65009041,3.5540480000000003,3.7933800000000004,1
1823.83146,4999.886582,2060.073171,DDH-107,0.85,330.87730603,-29.00161937,0,121.2,122.05,1.31892,0.107912,0.07194400000000001,1
1823.501762,5000.478793,2060.448968,DDH-107,0.7,330.91107381,-29.00948485,0,122.05,122.75,1.01472,0.135296,0.11142,1
1823.257389,5000.91827,2060.727845,DDH-107,0.45,330.93613077,-29.01531511,0,122.75,123.2,20.80899405,3.2113,3.9156400000000002,1
1822.949562,5001.472508,2061.079543,DDH-107,1.0,330.9677285,-29.022659700000002,0,123.2,124.2,18.47941923,3.206716,3.4106360000000002,1
1822.578484,5002.141587,2061.504114,DDH-107,0.75,331.00586985,-29.03151407,0,124.2,124.95,19.58739795,3.2681560000000003,3.455708,1
1822.303136,5002.638738000001,2061.819584,DDH-107,0.55,331.03420777,-29.03808465,0,124.95,125.5,22.279474,3.947264,3.863364,1
1865.8300600000002,4990.20738,2015.0778010000001,DDH-108,0.9,352.55732886,-9.99710356,0,83.9,84.8,20.09730113,1.315264,0.526108,1
1865.70908,4991.135095000001,2015.2427460000001,DDH-108,1.0,352.58309385,-10.00041183,0,84.8,85.8,15.58603263,7.454256,5.477328,1
1865.6138649999998,4991.867532,2015.3730039999998,DDH-108,0.5,352.60343503,-10.00302223,0,85.8,86.3,11.66664125,1.9628,1.8678279999999998,1
1865.512591,4992.648828,2015.5119829999999,DDH-108,1.1,352.62513268,-10.005805300000002,0,86.3,87.4,10.45509987,2.8168439999999997,2.610252,1
1865.380118,4993.674327000001,2015.69445,DDH-108,1.0,352.65361145,-10.00945594,0,87.4,88.4,14.02043038,2.79984,3.236696,1
1865.2826690000002,4994.431275999999,2015.829171,DDH-108,0.55,352.67463192,-10.01214891,0,88.4,88.95,15.39565111,3.338532,4.02886,1
1865.1980210000002,4995.090579,2015.946537,DDH-108,0.8,352.69294037,-10.01449333,0,88.95,89.75,0.47808,0.067728,0.043824,1
1865.101093,4995.847583,2016.081325,DDH-108,0.75,352.71396151,-10.01718383,0,89.75,90.5,13.27269484,4.925664,5.798124,1
1864.9919920000002,4996.702300999999,2016.2335469999998,DDH-108,1.0,352.73769547,-10.02021991,0,90.5,91.5,23.47771202,1.385828,1.6811040000000002,1
1864.867741,4997.679167,2016.4075719999998,DDH-108,1.0,352.76482053,-10.02368765,0,91.5,92.5,16.47203595,2.6642759999999996,3.3413,1
1864.7377760000002,4998.704928,2016.5903620000001,DDH-108,1.1,352.79330244,-10.027326400000002,0,92.5,93.6,21.38140879,2.4580319999999998,3.085532,1
1864.6144760000002,4999.681895000001,2016.764509,DDH-108,0.9,352.82042862,-10.03078961,0,93.6,94.5,15.24362707,1.8272279999999999,1.890924,1
1864.49777,5000.610058,2016.9300039999998,DDH-108,1.0,352.84619899,-10.03407762,0,94.5,95.5,6.36294,0.6166520000000001,0.64022,1
1864.4151010000003,5001.269569,2017.047625,DDH-108,0.35,352.8645098,-10.03641263,0,95.5,95.85,11.25356732,1.0889520000000001,0.773832,1
1864.372319,5001.6115469999995,2017.108625,DDH-108,0.35,352.87400439,-10.03762298,0,95.85,96.2,0.59736,0.059736000000000004,0.023896,1
1864.2869260000002,5002.295521,2017.230646,DDH-108,1.05,352.89299375,-10.04004285,0,96.2,97.25,0.35531999999999997,0.055272,0.027636,1
1864.189611,5003.077235,2017.3701350000001,DDH-108,0.55,352.91469617,-10.0428071,0,97.25,97.8,1.2921,0.12529200000000001,0.1018,1
1864.0956210000002,5003.83455,2017.5053010000001,DDH-108,1.0,352.93572069,-10.04548361,0,97.8,98.8,14.67035422,2.227544,2.958084,1
1864.004928,5004.567465,2017.636141,DDH-108,0.5,352.95606728,-10.04807252,0,98.8,99.3,15.82616827,1.256896,1.087472,1
1863.935573,5005.129385,2017.7364739999998,DDH-108,0.65,352.97166651,-10.0500565,0,99.3,99.95,12.8358707,1.7163279999999999,2.0659520000000002,1
1863.8633710000001,5005.715757999999,2017.841207,DDH-108,0.55,352.99081013,-10.05962276,0,99.95,100.5,0.77256,0.039619999999999995,0.031695999999999995,1
1863.7704579999997,5006.4731600000005,2017.976773,DDH-108,1.0,353.02171101,-10.08811621,0,100.5,101.5,0.23724,0.043496,0.019772,1
1863.660109,5007.377124000001,2018.139073,DDH-108,0.85,353.05860037,-10.12212121,0,101.5,102.35,0.29484,0.035376,0.015724000000000002,1
1863.5651510000002,5008.158904,2018.279875,DDH-108,0.75,353.09051137,-10.15152798,0,102.35,103.1,11.99256487,5.6125680000000004,4.482896,1
1838.468747,4997.814031,2022.194975,DDH-109,1.0,337.99913677,-13.88246988,0,99.7,100.7,11.71552849,2.1073560000000002,3.204772,1
1838.1053780000002,4998.714206000001,2022.435193,DDH-109,1.0,338.03642732,-13.91546617,0,100.7,101.7,10.72220921,2.744316,3.4264080000000003,1
1837.8332710000002,4999.389403,2022.6157210000001,DDH-109,0.5,338.06440253,-13.94020995,0,101.7,102.2,10.47650337,1.971384,3.4817160000000005,1
1837.6520679999999,4999.839566,2022.7362469999998,DDH-109,0.5,338.08305615,-13.95670415,0,102.2,102.7,13.20003769,4.104596,4.362124,1
1837.50722,5000.199713,2022.832769,DDH-109,0.3,338.09798103,-13.96989856,0,102.7,103.0,3.1686,0.23914000000000002,0.23914000000000002,1
1837.3986519999999,5000.469835,2022.9052179999999,DDH-109,0.3,338.10917586,-13.9797938,0,103.0,103.3,6.6282,0.80812,0.378184,1
1837.163618,5001.055128,2023.0623640000001,DDH-109,1.0,338.13343474,-14.00123183,0,103.3,104.3,11.78740664,3.992032,2.378488,1
1836.865696,5001.798062,2023.2621570000001,DDH-109,0.65,338.16423157,-14.02843834,0,104.3,104.95,14.16033874,3.205436,2.4260599999999997,1
1836.649299,5002.33842,2023.4076989999999,DDH-109,0.55,338.18663399,-14.04822256,0,104.95,105.5,12.7689985,3.322736,1.3990479999999998,1
1836.469145,5002.788746,2023.529137,DDH-109,0.45,338.2053057,-14.0647079,0,105.5,105.95,1.13592,0.10761199999999999,0.051812000000000004,1
1836.2082059999998,5003.441764,2023.7054699999999,DDH-109,1.0,338.23238456,-14.08860919,0,105.95,106.95,13.85593911,2.933544,2.1745959999999998,1
1835.8219149999998,5004.410129,2023.967468,DDH-109,1.15,338.27254659,-14.12404362,0,106.95,108.1,19.06533645,1.671976,0.668788,1
1835.4363649999998,5005.3786119999995,2024.230109,DDH-109,1.0,338.31272129,-14.15947152,0,108.1,109.1,12.98928222,1.1014959999999998,0.5625479999999999,1
1835.1230920000003,5006.166998,2024.4443629999998,DDH-109,0.75,338.34543094,-14.18830331,0,109.1,109.85,19.81154366,0.903708,0.9313319999999999,1
1834.8728260000003,5006.7977630000005,2024.6160730000001,DDH-109,0.65,338.37160467,-14.21136557,0,109.85,110.5,4.92678,0.237436,0.308668,1
1810.15148,4988.393641,2013.673593,DDH-110,0.3,321.50639396,-8.05485549,0,105.65,105.95,9.192060000000001,0.9718959999999999,0.476192,1
1809.935827,4988.664902,2013.722677,DDH-110,0.4,321.52392296,-8.06881264,0,105.95,106.35,3.11502,0.335464,0.19968,1
1809.50479,4989.2075939999995,2013.8210989999998,DDH-110,1.0,321.55898453,-8.09672466,0,106.35,107.35,23.62504909,1.394516,1.35876,1
1808.9203899999998,4989.944469,2013.955212,DDH-110,0.9,321.60657569,-8.13460033,0,107.35,108.25,21.2089493,0.42951999999999996,0.128856,1
1808.336654,4990.6817630000005,2014.089947,DDH-110,1.0,321.65417552,-8.17247021,0,108.25,109.25,26.25079196,0.674024,0.32716,1
1807.7229120000002,4991.458315999999,2014.232446,DDH-110,1.0,321.70428992,-8.21232687,0,109.25,110.25,13.442623900000001,1.090692,1.0387520000000001,1
1807.1098989999998,4992.235320000001,2014.3756309999999,DDH-110,1.0,321.75218354,-8.25171571,0,110.25,111.25,20.06989297,0.9173959999999999,0.103256,1
1806.497591,4993.012748,2014.5194920000001,DDH-110,1.0,321.79934351,-8.29094548,0,111.25,112.25,15.912796400000001,0.657688,0.269412,1
1805.885988,4993.790597,2014.6640309999998,DDH-110,1.0,321.84651324,-8.330169999999999,0,112.25,113.25,22.55997185,0.6237520000000001,0.255896,1
1805.275089,4994.568868,2014.809246,DDH-110,1.0,321.89369267,-8.36938916,0,113.25,114.25,22.64798051,0.526936,0.208416,1
1804.6648940000002,4995.347562,2014.9551379999998,DDH-110,1.0,321.94088174,-8.40860283,0,114.25,115.25,19.20725894,2.286284,2.727636,1
1804.1163210000002,4996.0487490000005,2015.08702,DDH-110,0.8,321.98336009,-8.44389035,0,115.25,116.05,21.95119878,1.434816,1.176472,1
1775.83027,4976.241741,2010.112441,DDH-111,0.63,304.40856551,-4.47222393,0,122.65,123.28,13.92799177,4.528452,3.418224,1
1775.2545420000001,4976.636161,2010.1669239999999,DDH-111,0.77,304.41990952,-4.45586112,0,123.28,124.05,14.00184962,0.694332,0.514764,1
1774.617204,4977.072983,2010.227012,DDH-111,0.78,304.43246838,-4.43774494,0,124.05,124.83,21.47821464,0.43188000000000004,0.157048,1
1773.9265030000001,4977.546612,2010.291864,DDH-111,0.9,304.44607987,-4.4181091,0,124.83,125.73,17.27599942,0.8568040000000001,0.257836,1
1773.240007,4978.017596,2010.356046,DDH-111,0.77,304.45960962,-4.39858989,0,125.73,126.5,19.29629631,0.692952,0.19116,1
1772.5947030000002,4978.460537,2010.416126,DDH-111,0.8,304.47232856,-4.38023928,0,126.5,127.3,12.15396044,0.871452,0.619084,1
1740.889,4970.844768,1980.0724050000001,DDH-112,1.0,296.9953192,11.3104934,0,151.6,152.6,12.90634006,2.14454,2.411628,1
1740.0154739999998,4971.290108,1979.875883,DDH-112,1.0,297.03126098,11.35680309,0,152.6,153.6,16.18155937,1.12916,0.891444,1
1797.433209,4993.6481619999995,1949.165968,DDH-113,0.45,318.75710363,23.420215300000002,0,128.5,128.95,10.1367,8.414064,1.472656,1
1796.9947489999997,4994.148556,1948.8778899999998,DDH-113,1.0,318.79117681,23.40470859,0,128.95,129.95,10.11643614,0.7538279999999999,0.10207999999999999,1
1796.405471,4994.821997,1948.4907629999998,DDH-113,0.95,318.83336413,23.38217985,0,129.95,130.9,14.6854443,0.44876800000000006,0.071484,1
1796.0128170000003,4995.271247,1948.2328870000001,DDH-113,0.35,318.85835596,23.36571982,0,130.9,131.25,12.72666726,0.772888,0.653984,1
1795.695781,4995.634269,1948.024728,DDH-113,0.7,318.8785372,23.35242225,0,131.25,131.95,26.429187,0.178856,0.035772000000000005,1
1795.288306,4996.101227,1947.757261,DDH-113,0.65,318.90447862,23.33532154,0,131.95,132.6,14.91387883,0.373608,0.202704,1
1794.8960730000001,4996.551121,1947.4998739999999,DDH-113,0.65,318.92945299,23.31885011,0,132.6,133.25,13.34522581,1.40016,1.193316,1
1757.1596120000002,4983.904072,1950.877061,DDH-114,0.68,300.92604269,21.04760693,0,150.58,151.26,13.19151404,0.958468,1.2779559999999999,1
1756.6391649999998,4984.215692,1950.643543,DDH-114,0.62,300.89658291,21.06152423,0,151.26,151.88,15.33548123,2.430168,3.403832,1
1756.2267329999997,4984.46238,1950.458421,DDH-114,0.41,300.87323773,21.07254745,0,151.88,152.29,9.40494,2.69968,0.630992,1
1755.7381309999998,4984.754332,1950.2390309999998,DDH-114,0.81,300.84558161,21.08559996,0,152.29,153.1,10.0897204,2.3113759999999997,2.0119759999999998,1
1755.1012010000002,4985.1344340000005,1949.9529109999999,DDH-114,0.78,300.80953061,21.10260434,0,153.1,153.88,11.96653333,1.016,0.484,1
1724.563384,4964.429907,1938.7748760000002,DDH-115,0.65,289.23110414,22.46955735,0,174.15,174.8,20.44968174,0.879468,0.906948,1
1724.0834920000002,4964.597218,1938.5646179999999,DDH-115,0.45,289.21044275,22.48147547,0,174.8,175.25,21.98608841,0.373908,0.159108,1
1723.5599510000002,4964.779525999999,1938.335125,DDH-115,0.75,289.18789899,22.49447406,0,175.25,176.0,17.211141199999997,1.6778520000000001,1.294908,1
1769.4929489999997,4965.847575,1897.035833,DDH-116,0.7,293.75026,43.40531048,0,160.25,160.95,6.237480000000001,0.19592,0.079968,1
1769.1438489999998,4966.001162,1896.675049,DDH-116,0.35,293.74419442,43.4137718,0,160.95,161.3,14.412401800000001,1.1292879999999998,0.9217879999999999,1
1768.7282969999999,4966.183928,1896.2454699999998,DDH-116,0.9,293.73697129,43.42384439999999,0,161.3,162.2,19.93631913,2.36632,2.685556,1
1768.312791,4966.366611,1895.815811,DDH-116,0.35,293.72974575,43.43391654,0,162.2,162.55,1.73652,0.111776,0.059879999999999996,1
1767.864096,4966.563816,1895.35169,DDH-116,1.0,293.72193947,43.44479395,0,162.55,163.55,13.38511367,1.413216,1.51274,1
1767.2659199999998,4966.826604999999,1894.732718,DDH-116,0.8,293.71152671,43.45929634,0,163.55,164.35,13.64061198,4.96612,2.93344,1
1766.6678399999998,4967.089223,1894.1135809999998,DDH-116,1.0,293.70110896,43.47379779,0,164.35,165.35,17.07863154,4.375748000000001,5.875548,1
1766.119684,4967.329804999999,1893.545893,DDH-116,0.65,293.69155496,43.48708995,0,165.35,166.0,24.188556,1.632,1.952,1
1832.9084260000002,5007.866707,1914.783793,DDH-117,0.4,334.1114412,39.0752973,0,138.98,139.38,13.88110493,4.139848000000001,3.5955519999999996,1
1832.701656,5008.292736,1914.3992870000002,DDH-117,0.82,334.11009384,39.07482321,0,139.38,140.2,15.930012,2.6664,3.9856519999999995,1
1832.46098,5008.788606,1913.951752,DDH-117,0.6,334.10998952,39.07442601,0,140.2,140.8,24.38167786,2.062352,3.089528,1
1832.223695,5009.277496,1913.5105230000001,DDH-117,0.8,334.11049285,39.07409842,0,140.8,141.6,23.14913941,1.543972,1.8344599999999998,1
1831.9796350000001,5009.780359,1913.05669,DDH-117,0.64,334.11101055,39.07376147,0,141.6,142.24,19.49599475,1.847564,1.923384,1
1831.799982,5010.150524000001,1912.7226210000001,DDH-117,0.42,334.11139164,39.07351344,0,142.24,142.66,11.48811251,3.313396,4.920256,1
1831.5999920000002,5010.5625979999995,1912.3507350000002,DDH-117,0.76,334.11181586,39.07323733,0,142.66,143.42,13.96515834,1.8369799999999998,2.36978,1
1792.4548170000003,4970.315311,1883.668089,DDH-118,0.45,302.31063609,50.96460826,0,157.1,157.55,1.176,0.13327999999999998,0.04704,1
1792.1754030000002,4970.491871,1883.2601940000002,DDH-118,0.6,302.26665312,50.99868467,0,157.55,158.15,15.12343885,4.688248000000001,5.615508,1
1791.9359600000003,4970.642936,1882.9104120000002,DDH-118,0.3,302.22890221,51.0278797,0,158.15,158.45,16.62197131,1.245508,0.151696,1
1791.7550809999998,4970.7569060000005,1882.6460359999999,DDH-118,0.38,302.20034791,51.04992996,0,158.45,158.83,0.47922,0.059904,0.007988,1
1791.409362,4970.974389999999,1882.140379,DDH-118,0.92,302.14568351,51.09206516,0,158.83,159.75,13.59979722,3.052588,3.2661119999999997,1
1791.085013,4971.178011,1881.6655620000001,DDH-118,0.3,302.094293,51.13158374,0,159.75,160.05,0.23808,0.051588,0.007936,1
1790.819227,4971.3446380000005,1881.2762079999998,DDH-118,0.7,302.08018853,51.14927727,0,160.05,160.75,11.77160818,1.791104,0.214456,1
1790.433945,4971.586090999999,1880.7115079999999,DDH-118,0.75,302.06990196,51.169607899999995,0,160.75,161.5,13.54396236,1.896824,0.46428400000000003,1
1790.022232,4971.844002000001,1880.1076859999998,DDH-118,0.8,302.05889591,51.19133968,0,161.5,162.3,21.81636582,1.7776040000000002,0.24667199999999997,1
1789.597391,4972.110021,1879.4841940000001,DDH-118,0.8,302.04752392,51.21377143,0,162.3,163.1,12.9209796,0.9804719999999999,0.52212,1
1789.247013,4972.329326,1878.9696649999998,DDH-118,0.52,302.03813368,51.23227681,0,163.1,163.62,22.02878569,0.6786439999999999,0.46706400000000003,1
1788.875514,4972.561763000001,1878.4238070000001,DDH-118,0.88,302.02816607,51.25190292,0,163.62,164.5,10.52782099,0.48663599999999996,0.0359,1
1788.456394,4972.823888,1877.807587,DDH-118,0.7,302.01690668,51.27405138,0,164.5,165.2,11.01291628,0.956556,0.123556,1
1763.8109940000002,4986.019408,1920.468316,DDH-119,1.0,307.57306201,29.26640981,0,159.0,160.0,16.87506371,2.613104,2.769112,1
1763.119745,4986.5515829999995,1919.979467,DDH-119,1.0,307.60644654,29.25398789,0,160.0,161.0,23.64724835,1.6501,0.520876,1
1762.4285739999998,4987.084224,1919.491018,DDH-119,1.0,307.63178824,29.22314,0,161.0,162.0,16.54287105,1.384676,0.754188,1
1645.01624,4904.210777,1998.887268,DDH-120,0.94,345.89349867,0.89213495,0,247.81,248.75,0.96,0.110232,0.04,1
1833.346466,5082.190353,2258.532181,DDH-121,0.6,340.34408476,-4.36096545,0,383.25,383.85,12.45821589,2.217392,0.217392,1
1833.1368940000002,5082.777255,2258.579602,DDH-121,0.65,340.35449759,-4.34191128,0,383.85,384.5,15.66015165,2.577228,0.072852,1
1772.3213660000001,5058.164070000001,2269.551585,DDH-122,0.65,330.6558815,-7.57706823,0,386.6,387.25,0.006,0.067432,0.0016,1
1854.3810399999998,5021.830701,1943.7901420000003,DDH-123,0.95,181.43610137,23.86286288,0,160.35,161.3,13.31092846,1.4853040000000002,1.501192,1
1854.3587440000001,5020.939513,1943.395316,DDH-123,1.0,181.43031799,23.91356694,0,161.3,162.3,13.78049534,1.331208,1.363092,1
1636.590032,4886.327279,1849.534033,DDH-124,0.3,344.95679252,0.16722749,0,530.5,530.8,0.23915999999999998,0.035872,0.011956,1
1945.277318,5150.547059,2311.06,DDH-125,1.55,160.0,0.0,0,7.55,9.1,1.5,0.793664,0.008,1
1792.785562,5083.824228,2316.8,DDH-126,0.2,296.0,0.0,0,16.95,17.15,2.16,4.850168,0.14800000000000002,1
1792.5833329999998,5083.922861999999,2316.8,DDH-126,0.25,296.0,0.0,0,17.15,17.4,0.96,0.35274,0.004,1
1792.3226829999999,5084.049989,2316.8,DDH-126,0.33,296.0,0.0,0,17.4,17.73,5.58,3.130564,0.06,1
1966.6464899999999,5153.920763,2317.28,DDH-127,1.15,170.0,0.0,0,27.45,28.6,2.46,0.35274,0.048,1
1979.345835,5155.386663,2317.28,DDH-128,0.57,160.0,0.0,0,34.73,35.3,0.66,1.543236,0.036000000000000004,1
1825.614327,5101.439627000001,2316.81,DDH-129,0.3,320.0,0.0,0,0.45,0.75,2.22,0.308648,0.08800000000000001,1
1920.9431280000001,5108.682126,2252.28,DDH-130,1.52,355.0,0.0,0,38.1,39.62,13.7228,3.96832,0.484,1
1945.310884,5114.96365,2252.28,DDH-131,0.83,25.0,0.0,0,49.23,50.06,5.46,1.9400680000000001,0.228,1
1897.2185140000001,5097.168486,2252.43,DDH-132,0.51,355.0,0.0,0,22.48,22.99,9.78,1.3668639999999999,0.512,1
1897.1688350000002,5097.736317,2252.43,DDH-132,0.63,355.0,0.0,0,22.99,23.62,3.36,0.529108,0.136,1
1897.094753,5098.5830829999995,2252.43,DDH-132,1.07,355.0,0.0,0,23.62,24.69,13.341455999999999,2.160528,1.5919999999999999,1
